{
  "test_name": "test1_mobilenet_n4",
  "num_instances": 4,
  "app_config": [
    "mobilenet",
    "mobilenet",
    "mobilenet",
    "mobilenet"
  ],
  "timestamp": 1766403533.3648734,
  "memory_full": false,
  "containers": [
    {
      "container_id": "fa21db781900fc4a4102564fcd48fa68ff5f5b14bd3b2f0b10617d07148d4df3",
      "container_name": "test1_mobilenet_n4_container_0_1766403496541",
      "app_name": "mobilenet",
      "start_time": 1766403497.049,
      "start_duration_ms": 461.0433578491211,
      "pid": 2622230,
      "pss_mb": 151.88671875,
      "p95_latency_ms": 54.72,
      "p99_latency_ms": 96.9,
      "avg_latency_ms": 31.0577,
      "min_latency_ms": 24.61,
      "max_latency_ms": 96.9,
      "all_latencies_ms": [
        26.96,
        26.23,
        27.05,
        26.68,
        26.04,
        28.89,
        28.98,
        28.06,
        30.28,
        33.79,
        32.92,
        28.9,
        33.07,
        30.43,
        29.1,
        28.74,
        43.78,
        28.86,
        26.63,
        28.49,
        30.1,
        27.89,
        27.92,
        25.9,
        28.44,
        30.63,
        28.32,
        25.69,
        27.0,
        28.03,
        26.92,
        28.14,
        44.15,
        54.72,
        35.1,
        27.3,
        27.18,
        29.28,
        28.07,
        27.78,
        25.65,
        25.73,
        26.84,
        27.22,
        25.8,
        27.24,
        26.26,
        25.76,
        28.42,
        27.0,
        27.38,
        29.18,
        25.58,
        35.53,
        31.54,
        60.62,
        24.91,
        25.69,
        34.25,
        29.3,
        26.03,
        24.76,
        53.43,
        67.02,
        96.9,
        28.82,
        28.29,
        31.08,
        34.2,
        33.36,
        32.12,
        27.3,
        28.39,
        27.19,
        30.91,
        31.5,
        27.7,
        30.29,
        27.14,
        27.7,
        27.92,
        27.62,
        30.11,
        26.96,
        28.3,
        29.72,
        28.49,
        26.98,
        28.32,
        26.58,
        26.7,
        25.82,
        33.02,
        34.17,
        65.61,
        28.49,
        25.58,
        25.13,
        24.61,
        29.17
      ],
      "memory_stat": {
        "cache": 339968,
        "rss": 88707072,
        "rss_huge": 0,
        "shmem": 0,
        "mapped_file": 0,
        "dirty": 323584,
        "writeback": 0,
        "swap": 0,
        "pgpgin": 22638,
        "pgpgout": 898,
        "pgfault": 24397,
        "pgmajfault": 0,
        "inactive_anon": 88670208,
        "active_anon": 4096,
        "inactive_file": 323584,
        "active_file": 16384,
        "unevictable": 0,
        "hierarchical_memory_limit": 9223372036854771712,
        "hierarchical_memsw_limit": 9223372036854771712,
        "total_cache": 339968,
        "total_rss": 88707072,
        "total_rss_huge": 0,
        "total_shmem": 0,
        "total_mapped_file": 0,
        "total_dirty": 323584,
        "total_writeback": 0,
        "total_swap": 0,
        "total_pgpgin": 22638,
        "total_pgpgout": 898,
        "total_pgfault": 24397,
        "total_pgmajfault": 0,
        "total_inactive_anon": 88670208,
        "total_active_anon": 4096,
        "total_inactive_file": 323584,
        "total_active_file": 16384,
        "total_unevictable": 0
      }
    },
    {
      "container_id": "68b6c0a36105833c26c53d00396fa529c9dbb5be3cc85f725e4192de7dac7e4a",
      "container_name": "test1_mobilenet_n4_container_1_1766403505835",
      "app_name": "mobilenet",
      "start_time": 1766403506.308,
      "start_duration_ms": 419.41070556640625,
      "pid": 2622595,
      "pss_mb": 131.84765625,
      "p95_latency_ms": 37.78,
      "p99_latency_ms": 163.02,
      "avg_latency_ms": 28.9996,
      "min_latency_ms": 23.78,
      "max_latency_ms": 163.02,
      "all_latencies_ms": [
        42.69,
        34.39,
        27.97,
        24.88,
        24.36,
        29.06,
        33.43,
        25.47,
        24.53,
        27.66,
        24.01,
        28.24,
        24.82,
        26.91,
        23.85,
        28.1,
        29.42,
        28.65,
        24.35,
        25.19,
        24.4,
        24.19,
        24.48,
        24.31,
        26.55,
        37.78,
        28.32,
        26.11,
        25.97,
        33.52,
        26.42,
        29.39,
        29.17,
        24.74,
        43.17,
        30.75,
        24.47,
        25.05,
        24.28,
        24.44,
        24.5,
        23.96,
        24.98,
        28.51,
        25.96,
        24.81,
        24.67,
        24.25,
        35.6,
        24.74,
        30.44,
        29.48,
        25.75,
        24.57,
        25.08,
        30.76,
        27.43,
        27.53,
        24.43,
        27.39,
        26.89,
        24.79,
        28.4,
        26.74,
        24.49,
        26.92,
        23.78,
        27.43,
        24.17,
        25.8,
        24.53,
        23.84,
        24.22,
        27.87,
        163.02,
        28.89,
        26.84,
        25.78,
        27.3,
        25.73,
        24.95,
        28.02,
        27.25,
        25.19,
        25.58,
        24.6,
        24.34,
        25.27,
        23.93,
        26.66,
        25.7,
        27.16,
        32.5,
        29.76,
        29.18,
        27.57,
        26.22,
        33.65,
        75.35,
        29.32
      ],
      "memory_stat": {
        "cache": 45056,
        "rss": 69693440,
        "rss_huge": 0,
        "shmem": 0,
        "mapped_file": 0,
        "dirty": 0,
        "writeback": 4096,
        "swap": 0,
        "pgpgin": 17927,
        "pgpgout": 901,
        "pgfault": 19633,
        "pgmajfault": 0,
        "inactive_anon": 69689344,
        "active_anon": 4096,
        "inactive_file": 36864,
        "active_file": 8192,
        "unevictable": 0,
        "hierarchical_memory_limit": 9223372036854771712,
        "hierarchical_memsw_limit": 9223372036854771712,
        "total_cache": 45056,
        "total_rss": 69693440,
        "total_rss_huge": 0,
        "total_shmem": 0,
        "total_mapped_file": 0,
        "total_dirty": 0,
        "total_writeback": 4096,
        "total_swap": 0,
        "total_pgpgin": 17927,
        "total_pgpgout": 901,
        "total_pgfault": 19633,
        "total_pgmajfault": 0,
        "total_inactive_anon": 69689344,
        "total_active_anon": 4096,
        "total_inactive_file": 36864,
        "total_active_file": 8192,
        "total_unevictable": 0
      }
    },
    {
      "container_id": "ad087b677f2299b34d5200ab8d92c2369be10e8475c0699c63dd0d81a2f880b1",
      "container_name": "test1_mobilenet_n4_container_2_1766403515072",
      "app_name": "mobilenet",
      "start_time": 1766403515.568,
      "start_duration_ms": 448.5006332397461,
      "pid": 2622955,
      "pss_mb": 152.1796875,
      "p95_latency_ms": 39.73,
      "p99_latency_ms": 156.36,
      "avg_latency_ms": 30.5522,
      "min_latency_ms": 24.36,
      "max_latency_ms": 156.36,