{
  "test_name": "test2_mixed_mobilenet_resnet_shufflenet_x2",
  "num_instances": 6,
  "app_config": [
    "mobilenet",
    "resnet",
    "shufflenet",
    "mobilenet",
    "resnet",
    "shufflenet"
  ],
  "timestamp": 1766404200.2517865,
  "memory_full": false,
  "containers": [
    {
      "container_id": "890ba69a4be1b375760e6a6cae5961a78381f1ede7dca2f5939e16fcb9f0336b",
      "container_name": "test2_mixed_mobilenet_resnet_shufflenet_x2_container_0_1766404148225",
      "app_name": "mobilenet",
      "start_time": 1766404148.721,
      "start_duration_ms": 451.85399055480957,
      "pid": 2649090,
      "pss_mb": 151.77734375,
      "p95_latency_ms": 53.87,
      "p99_latency_ms": 133.46,
      "avg_latency_ms": 29.8732,
      "min_latency_ms": 23.92,
      "max_latency_ms": 133.46,
      "all_latencies_ms": [
        26.25,
        67.61,
        26.24,
        25.69,
        36.3,
        26.26,
        28.01,
        26.6,
        27.63,
        24.79,
        26.78,
        25.39,
        25.52,
        24.85,
        25.5,
        25.77,
        25.04,
        40.34,
        32.58,
        47.57,
        36.32,
        28.61,
        25.55,
        24.58,
        25.84,
        25.65,
        25.55,
        24.62,
        25.43,
        27.52,
        24.62,
        32.75,
        38.91,
        26.6,
        27.29,
        27.52,
        25.48,
        27.0,
        31.76,
        32.07,
        24.72,
        26.96,
        52.36,
        23.96,
        25.62,
        24.0,
        24.89,
        23.92,
        25.24,
        24.5,
        24.68,
        24.69,
        25.11,
        25.78,
        25.37,
        27.02,
        23.96,
        26.58,
        24.63,
        24.88,
        24.49,
        24.45,
        35.8,
        25.36,
        27.75,
        43.21,
        31.53,
        53.87,
        25.36,
        24.62,
        58.84,
        133.46,
        25.5,
        25.64,
        24.51,
        25.67,
        24.25,
        26.66,
        25.89,
        25.36,
        32.06,
        32.29,
        28.42,
        26.23,
        25.35,
        24.51,
        25.12,
        24.43,
        25.63,
        34.53,
        26.78,
        24.0,
        27.18,
        24.69,
        25.16,
        58.23,
        25.37,
        25.82,
        27.72,
        24.32
      ],
      "memory_stat": {
        "cache": 323584,
        "rss": 88940544,
        "rss_huge": 0,
        "shmem": 0,
        "mapped_file": 0,
        "dirty": 323584,
        "writeback": 0,
        "swap": 0,
        "pgpgin": 22708,
        "pgpgout": 914,
        "pgfault": 24471,
        "pgmajfault": 0,
        "inactive_anon": 88924160,
        "active_anon": 4096,
        "inactive_file": 323584,
        "active_file": 0,
        "unevictable": 0,
        "hierarchical_memory_limit": 9223372036854771712,
        "hierarchical_memsw_limit": 9223372036854771712,
        "total_cache": 323584,
        "total_rss": 88940544,
        "total_rss_huge": 0,
        "total_shmem": 0,
        "total_mapped_file": 0,
        "total_dirty": 323584,
        "total_writeback": 0,
        "total_swap": 0,
        "total_pgpgin": 22707,
        "total_pgpgout": 914,
        "total_pgfault": 24470,
        "total_pgmajfault": 0,
        "total_inactive_anon": 88924160,
        "total_active_anon": 4096,
        "total_inactive_file": 323584,
        "total_active_file": 0,
        "total_unevictable": 0
      }
    },
    {
      "container_id": "9d8d5ebf6a287b1caf85def1ac3c0d3fd58a7b373bdb8addb9410ae10f0dfa9c",
      "container_name": "test2_mixed_mobilenet_resnet_shufflenet_x2_container_1_1766404157825",
      "app_name": "resnet",
      "start_time": 1766404158.275,
      "start_duration_ms": 403.69653701782227,
      "pid": 2649462,
      "pss_mb": 150.65625,
      "p95_latency_ms": 24.44,
      "p99_latency_ms": 63.31,
      "avg_latency_ms": 19.0153,
      "min_latency_ms": 16.71,
      "max_latency_ms": 63.31,
      "all_latencies_ms": [
        18.13,
        17.93,
        17.51,
        17.33,
        17.39,
        17.36,
        17.14,
        17.35,
        18.33,
        17.73,
        17.92,
        17.92,
        20.04,
        17.89,
        18.02,
        32.41,
        19.63,
        19.45,
        18.09,
        19.76,
        19.8,
        17.82,
        24.06,
        21.95,
        17.5,
        17.42,
        17.66,
        17.38,
        17.65,
        17.72,
        17.74,
        17.31,
        19.39,
        19.73,
        17.61,
        17.53,
        17.22,
        18.21,
        19.56,
        17.79,
        18.83,
        18.8,
        17.41,
        19.16,
        17.55,
        17.87,
        17.67,
        17.45,
        17.39,
        18.05,
        17.89,
        41.54,
        63.31,
        17.71,
        17.36,
        17.13,
        16.8,
        17.01,
        17.06,
        17.31,
        16.71,
        17.01,
        19.7,
        17.4,
        17.87,
        17.02,
        19.22,
        16.72,
        16.89,
        17.2,
        17.14,
        17.36,
        17.02,
        16.99,
        17.21,
        17.57,
        20.03,
        17.3,
        17.1,
        23.92,
        24.44,
        17.62,
        21.97,
        18.96,
        17.3,
        16.99,
        17.0,
        20.44,
        24.86,
        20.69,
        17.04,
        17.36,
        17.53,
        17.07,
        18.07,
        17.31,
        17.0,
        16.9,
        17.02,
        16.9
      ],
      "memory_stat": {
        "cache": 323584,
        "rss": 89153536,
        "rss_huge": 0,
        "shmem": 0,
        "mapped_file": 0,
        "dirty": 323584,
        "writeback": 0,
        "swap": 0,
        "pgpgin": 22834,
        "pgpgout": 989,
        "pgfault": 24607,
        "pgmajfault": 0,
        "inactive_anon": 89137152,
        "active_anon": 4096,
        "inactive_file": 323584,
        "active_file": 0,
        "unevictable": 0,
        "hierarchical_memory_limit": 9223372036854771712,
        "hierarchical_memsw_limit": 9223372036854771712,
        "total_cache": 323584,
        "total_rss": 89116672,
        "total_rss_huge": 0,
        "total_shmem": 0,
        "total_mapped_file": 0,
        "total_dirty": 323584,
        "total_writeback": 0,
        "total_swap": 0,
        "total_pgpgin": 22825,
        "total_pgpgout": 989,
        "total_pgfault": 24598,
        "total_pgmajfault": 0,
        "total_inactive_anon": 89075712,
        "total_active_anon": 4096,
        "total_inactive_file": 323584,
        "total_active_file": 0,
        "total_unevictable": 0
      }
    },
    {
      "container_id": "09c43ff3c2c2140e585d245da7b24ea36fdcc0f1996f22a7ddbbb530ae9074a5",
      "container_name": "test2_mixed_mobilenet_resnet_shufflenet_x2_container_2_1766404165743",
      "app_name": "shufflenet",
      "start_time": 1766404166.225,
      "start_duration_ms": 435.5323314666748,
      "pid": 2649813,
      "pss_mb": 152.01171875,
      "p95_latency_ms": 37.25,
      "p99_latency_ms": 118.33,
      "avg_latency_ms": 26.7099,
      "min_latency_ms": 21.3,
      "max_latency_ms": 118.33,