{
  "test_name": "test2_mixed_mobilenet_resnet_x3",
  "num_instances": 6,
  "app_config": [
    "mobilenet",
    "resnet",
    "mobilenet",
    "resnet",
    "mobilenet",
    "resnet"
  ],
  "timestamp": 1766403898.8335135,
  "memory_full": false,
  "containers": [
    {
      "container_id": "3faf01752752b5cc9d437d191d5689cf19003b4ab0b3b0c002501694b656440a",
      "container_name": "test2_mixed_mobilenet_resnet_x3_container_0_1766403846300",
      "app_name": "mobilenet",
      "start_time": 1766403846.741,
      "start_duration_ms": 393.937349319458,
      "pid": 2636482,
      "pss_mb": 151.9765625,
      "p95_latency_ms": 51.6,
      "p99_latency_ms": 289.17,
      "avg_latency_ms": 33.8076,
      "min_latency_ms": 25.34,
      "max_latency_ms": 289.17,
      "all_latencies_ms": [
        26.3,
        30.26,
        28.26,
        27.39,
        25.34,
        44.71,
        35.46,
        30.47,
        29.87,
        39.24,
        31.2,
        29.87,
        27.26,
        27.97,
        35.15,
        25.64,
        30.21,
        25.84,
        28.12,
        29.02,
        27.14,
        28.39,
        28.73,
        25.41,
        31.03,
        28.72,
        34.27,
        26.05,
        27.36,
        27.81,
        27.37,
        51.6,
        39.64,
        26.91,
        25.83,
        26.44,
        28.31,
        35.6,
        32.97,
        27.39,
        26.18,
        26.31,
        28.41,
        27.09,
        25.86,
        33.52,
        27.16,
        27.08,
        31.19,
        26.63,
        29.92,
        25.69,
        27.16,
        26.34,
        28.71,
        25.63,
        289.17,
        32.17,
        26.92,
        27.89,
        25.35,
        26.35,
        30.11,
        26.51,
        26.6,
        32.93,
        29.24,
        33.97,
        30.58,
        26.74,
        26.18,
        33.07,
        29.98,
        27.27,
        27.07,
        28.78,
        26.94,
        28.17,
        27.22,
        26.04,
        26.32,
        25.68,
        27.29,
        27.94,
        25.76,
        56.42,
        25.85,
        31.32,
        29.84,
        43.26,
        57.43,
        177.5,
        33.42,
        30.23,
        26.34,
        26.03,
        26.88,
        26.6,
        27.47,
        26.5
      ],
      "memory_stat": {
        "cache": 323584,
        "rss": 88711168,
        "rss_huge": 0,
        "shmem": 0,
        "mapped_file": 0,
        "dirty": 323584,
        "writeback": 0,
        "swap": 0,
        "pgpgin": 22639,
        "pgpgout": 902,
        "pgfault": 24389,
        "pgmajfault": 0,
        "inactive_anon": 88678400,
        "active_anon": 4096,
        "inactive_file": 323584,
        "active_file": 0,
        "unevictable": 0,
        "hierarchical_memory_limit": 9223372036854771712,
        "hierarchical_memsw_limit": 9223372036854771712,
        "total_cache": 323584,
        "total_rss": 88711168,
        "total_rss_huge": 0,
        "total_shmem": 0,
        "total_mapped_file": 0,
        "total_dirty": 323584,
        "total_writeback": 0,
        "total_swap": 0,
        "total_pgpgin": 22639,
        "total_pgpgout": 902,
        "total_pgfault": 24389,
        "total_pgmajfault": 0,
        "total_inactive_anon": 88678400,
        "total_active_anon": 4096,
        "total_inactive_file": 323584,
        "total_active_file": 0,
        "total_unevictable": 0
      }
    },
    {
      "container_id": "61f9bc512612dca6046534a26335ef394c54746ee3ceda41c6dd21318da53d1c",
      "container_name": "test2_mixed_mobilenet_resnet_x3_container_1_1766403856406",
      "app_name": "resnet",
      "start_time": 1766403856.892,
      "start_duration_ms": 441.53904914855957,
      "pid": 2636864,
      "pss_mb": 151.9609375,
      "p95_latency_ms": 26.56,
      "p99_latency_ms": 44.42,
      "avg_latency_ms": 19.2187,
      "min_latency_ms": 16.8,
      "max_latency_ms": 44.42,
      "all_latencies_ms": [
        17.96,
        17.85,
        18.02,
        17.51,
        18.41,
        17.42,
        17.1,
        17.75,
        17.0,
        17.37,
        17.52,
        17.22,
        18.5,
        17.17,
        17.65,
        18.91,
        23.87,
        26.56,
        17.65,
        20.59,
        17.82,
        17.78,
        17.59,
        17.29,
        20.45,
        20.66,
        22.4,
        17.56,
        17.63,
        17.28,
        17.88,
        18.07,
        17.72,
        23.95,
        17.04,
        17.06,
        17.14,
        17.01,
        17.03,
        17.51,
        18.75,
        17.43,
        18.53,
        17.2,
        16.89,
        17.06,
        19.77,
        20.39,
        17.3,
        17.26,
        17.34,
        29.36,
        21.67,
        25.06,
        23.57,
        19.65,
        20.26,
        18.42,
        17.49,
        17.28,
        17.86,
        17.3,
        21.6,
        24.4,
        17.93,
        17.09,
        16.81,
        17.66,
        19.29,
        17.04,
        17.78,
        16.82,
        17.29,
        17.15,
        17.33,
        16.93,
        17.21,
        16.88,
        17.87,
        17.44,
        19.82,
        17.56,
        17.9,
        17.47,
        17.92,
        17.98,
        17.12,
        16.97,
        16.8,
        16.96,
        17.42,
        17.41,
        24.98,
        44.42,
        42.49,
        40.55,
        17.09,
        17.46,
        16.87,
        17.42
      ],
      "memory_stat": {
        "cache": 323584,
        "rss": 89858048,
        "rss_huge": 0,
        "shmem": 0,
        "mapped_file": 0,
        "dirty": 323584,
        "writeback": 0,
        "swap": 0,
        "pgpgin": 22916,
        "pgpgout": 899,
        "pgfault": 24656,
        "pgmajfault": 0,
        "inactive_anon": 89817088,
        "active_anon": 4096,
        "inactive_file": 323584,
        "active_file": 0,
        "unevictable": 0,
        "hierarchical_memory_limit": 9223372036854771712,
        "hierarchical_memsw_limit": 9223372036854771712,
        "total_cache": 323584,
        "total_rss": 89858048,
        "total_rss_huge": 0,
        "total_shmem": 0,
        "total_mapped_file": 0,
        "total_dirty": 323584,
        "total_writeback": 0,
        "total_swap": 0,
        "total_pgpgin": 22916,
        "total_pgpgout": 899,
        "total_pgfault": 24656,
        "total_pgmajfault": 0,
        "total_inactive_anon": 89817088,
        "total_active_anon": 4096,
        "total_inactive_file": 323584,
        "total_active_file": 0,
        "total_unevictable": 0
      }
    },
    {
      "container_id": "b9b1e46240bb38b34f2e6fb56df261e83e015d69aeab8e3307d71f950eaa627a",
      "container_name": "test2_mixed_mobilenet_resnet_x3_container_2_1766403864413",
      "app_name": "mobilenet",
      "start_time": 1766403864.857,
      "start_duration_ms": 396.6193199157715,
      "pid": 2637217,
      "pss_mb": 151.8203125,
      "p95_latency_ms": 39.13,
      "p99_latency_ms": 81.56,
      "avg_latency_ms": 29.5442,
      "min_latency_ms": 24.6,
      "max_latency_ms": 81.56,