{
  "test_name": "test2_mixed_mobilenet_resnet_x2",
  "num_instances": 4,
  "app_config": [
    "mobilenet",
    "resnet",
    "mobilenet",
    "resnet"
  ],
  "timestamp": 1766403792.306873,
  "memory_full": false,
  "containers": [
    {
      "container_id": "c69ec6b4418d790b63134e127c1a64b120976eb84bca67af1f3b07dbe3724e92",
      "container_name": "test2_mixed_mobilenet_resnet_x2_container_0_1766403757474",
      "app_name": "mobilenet",
      "start_time": 1766403757.951,
      "start_duration_ms": 430.44543266296387,
      "pid": 2632794,
      "pss_mb": 151.80859375,
      "p95_latency_ms": 38.73,
      "p99_latency_ms": 142.66,
      "avg_latency_ms": 28.6912,
      "min_latency_ms": 23.9,
      "max_latency_ms": 142.66,
      "all_latencies_ms": [
        24.85,
        27.27,
        25.02,
        26.28,
        24.38,
        25.19,
        25.76,
        25.78,
        25.56,
        26.28,
        27.91,
        33.12,
        34.5,
        28.03,
        24.76,
        26.59,
        24.97,
        29.25,
        33.06,
        25.91,
        25.42,
        26.36,
        24.76,
        25.18,
        28.45,
        24.94,
        26.04,
        24.83,
        25.72,
        26.76,
        25.17,
        26.42,
        25.61,
        25.59,
        26.11,
        39.23,
        26.29,
        39.4,
        28.86,
        26.96,
        24.73,
        25.85,
        34.73,
        24.81,
        27.07,
        26.1,
        25.15,
        25.37,
        26.32,
        24.64,
        25.07,
        23.96,
        24.51,
        25.24,
        24.72,
        142.66,
        25.47,
        32.66,
        26.14,
        30.5,
        28.9,
        24.31,
        29.49,
        31.84,
        27.2,
        24.53,
        26.37,
        25.28,
        25.2,
        23.97,
        26.9,
        24.96,
        25.51,
        25.22,
        24.68,
        25.41,
        25.84,
        24.72,
        24.22,
        23.9,
        25.58,
        24.38,
        25.84,
        38.73,
        28.87,
        24.4,
        24.96,
        27.51,
        32.25,
        87.72,
        28.31,
        25.81,
        26.8,
        28.77,
        28.46,
        26.42,
        26.58,
        26.02,
        28.51,
        26.48
      ],
      "memory_stat": {
        "cache": 323584,
        "rss": 88993792,
        "rss_huge": 0,
        "shmem": 0,
        "mapped_file": 0,
        "dirty": 323584,
        "writeback": 0,
        "swap": 0,
        "pgpgin": 22709,
        "pgpgout": 903,
        "pgfault": 24468,
        "pgmajfault": 0,
        "inactive_anon": 88985600,
        "active_anon": 4096,
        "inactive_file": 323584,
        "active_file": 0,
        "unevictable": 0,
        "hierarchical_memory_limit": 9223372036854771712,
        "hierarchical_memsw_limit": 9223372036854771712,
        "total_cache": 323584,
        "total_rss": 88993792,
        "total_rss_huge": 0,
        "total_shmem": 0,
        "total_mapped_file": 0,
        "total_dirty": 323584,
        "total_writeback": 0,
        "total_swap": 0,
        "total_pgpgin": 22709,
        "total_pgpgout": 903,
        "total_pgfault": 24468,
        "total_pgmajfault": 0,
        "total_inactive_anon": 88985600,
        "total_active_anon": 4096,
        "total_inactive_file": 323584,
        "total_active_file": 0,
        "total_unevictable": 0
      }
    },
    {
      "container_id": "08c2d37570aa4370a85d95e2a3a6f3f7121d2befbccdb3e5828f69894e82d72a",
      "container_name": "test2_mixed_mobilenet_resnet_x2_container_1_1766403766591",
      "app_name": "resnet",
      "start_time": 1766403767.04,
      "start_duration_ms": 401.932954788208,
      "pid": 2633153,
      "pss_mb": 150.546875,
      "p95_latency_ms": 30.24,
      "p99_latency_ms": 115.13,
      "avg_latency_ms": 20.6035,
      "min_latency_ms": 17.18,
      "max_latency_ms": 115.13,
      "all_latencies_ms": [
        25.47,
        19.21,
        23.46,
        20.35,
        18.07,
        17.7,
        18.19,
        18.74,
        24.19,
        22.75,
        18.08,
        18.59,
        18.47,
        17.64,
        17.82,
        17.58,
        17.82,
        18.09,
        17.69,
        17.68,
        17.78,
        17.92,
        17.57,
        17.76,
        19.9,
        20.25,
        18.68,
        17.9,
        18.15,
        18.07,
        18.54,
        24.16,
        19.09,
        19.88,
        17.66,
        17.97,
        26.52,
        24.54,
        18.21,
        22.28,
        17.93,
        18.22,
        17.84,
        17.91,
        17.97,
        21.64,
        24.28,
        17.68,
        18.71,
        30.24,
        22.54,
        18.35,
        20.02,
        17.93,
        18.75,
        17.57,
        17.85,
        17.56,
        18.42,
        17.69,
        18.09,
        20.0,
        17.79,
        17.84,
        17.86,
        17.93,
        27.16,
        17.71,
        18.33,
        17.76,
        17.88,
        17.47,
        17.89,
        32.55,
        17.88,
        21.99,
        17.87,
        17.82,
        17.84,
        33.08,
        17.82,
        18.98,
        17.86,
        19.28,
        17.77,
        18.1,
        18.61,
        20.08,
        18.16,
        17.99,
        17.55,
        47.45,
        115.13,
        18.2,
        18.44,
        17.38,
        17.55,
        17.18,
        17.24,
        17.32
      ],
      "memory_stat": {
        "cache": 335872,
        "rss": 88682496,
        "rss_huge": 0,
        "shmem": 0,
        "mapped_file": 0,
        "dirty": 323584,
        "writeback": 0,
        "swap": 0,
        "pgpgin": 22640,
        "pgpgout": 907,
        "pgfault": 24386,
        "pgmajfault": 0,
        "inactive_anon": 88645632,
        "active_anon": 4096,
        "inactive_file": 323584,
        "active_file": 12288,
        "unevictable": 0,
        "hierarchical_memory_limit": 9223372036854771712,
        "hierarchical_memsw_limit": 9223372036854771712,
        "total_cache": 335872,
        "total_rss": 88682496,
        "total_rss_huge": 0,
        "total_shmem": 0,
        "total_mapped_file": 0,
        "total_dirty": 323584,
        "total_writeback": 0,
        "total_swap": 0,
        "total_pgpgin": 22640,
        "total_pgpgout": 907,
        "total_pgfault": 24386,
        "total_pgmajfault": 0,
        "total_inactive_anon": 88645632,
        "total_active_anon": 4096,
        "total_inactive_file": 323584,
        "total_active_file": 12288,
        "total_unevictable": 0
      }
    },
    {
      "container_id": "7069940c1a8f0c3e7a4a2d7f6190ff18e8b1aee3c05c4d925830b28ee8077fbc",
      "container_name": "test2_mixed_mobilenet_resnet_x2_container_2_1766403775037",
      "app_name": "mobilenet",
      "start_time": 1766403775.514,
      "start_duration_ms": 434.7376823425293,
      "pid": 2633514,
      "pss_mb": 151.62890625,
      "p95_latency_ms": 46.13,
      "p99_latency_ms": 89.85,
      "avg_latency_ms": 29.5285,
      "min_latency_ms": 24.09,
      "max_latency_ms": 89.85,