{
  "test_name": "test1_mobilenet_n2",
  "num_instances": 2,
  "app_config": [
    "mobilenet",
    "mobilenet"
  ],
  "timestamp": 1766403456.8248065,
  "memory_full": false,
  "containers": [
    {
      "container_id": "7e669ebe577fd33caf70ca8a241f10a9878b9664cc2db418e2582ae266ea19cf",
      "container_name": "test1_mobilenet_n2_container_0_1766403438194",
      "app_name": "mobilenet",
      "start_time": 1766403438.673,
      "start_duration_ms": 430.0191402435303,
      "pid": 2619911,
      "pss_mb": 151.56640625,
      "p95_latency_ms": 39.01,
      "p99_latency_ms": 127.16,
      "avg_latency_ms": 29.0803,
      "min_latency_ms": 24.67,
      "max_latency_ms": 127.16,
      "all_latencies_ms": [
        25.86,
        25.91,
        26.05,
        26.19,
        25.81,
        26.48,
        25.99,
        25.07,
        26.37,
        30.01,
        26.45,
        32.52,
        30.62,
        30.92,
        27.95,
        28.07,
        28.68,
        33.62,
        26.55,
        24.99,
        26.92,
        24.74,
        26.18,
        29.55,
        29.35,
        25.46,
        26.05,
        26.03,
        27.65,
        26.3,
        25.47,
        27.09,
        24.93,
        26.28,
        41.36,
        39.01,
        33.09,
        30.78,
        27.82,
        25.8,
        31.53,
        35.05,
        26.44,
        24.82,
        26.31,
        26.48,
        27.15,
        25.83,
        27.29,
        25.57,
        27.12,
        27.28,
        26.43,
        25.51,
        25.66,
        25.55,
        25.99,
        25.37,
        25.31,
        28.19,
        62.55,
        29.09,
        26.25,
        27.19,
        42.13,
        28.12,
        25.94,
        127.16,
        30.82,
        26.02,
        24.83,
        25.75,
        27.6,
        27.18,
        25.05,
        25.12,
        25.84,
        27.3,
        25.59,
        26.55,
        38.67,
        28.43,
        26.02,
        25.26,
        26.09,
        29.92,
        29.91,
        26.64,
        27.16,
        26.3,
        24.67,
        25.35,
        30.65,
        25.35,
        25.89,
        26.92,
        27.37,
        27.0,
        25.95,
        35.55
      ],
      "memory_stat": {
        "cache": 323584,
        "rss": 88797184,
        "rss_huge": 0,
        "shmem": 0,
        "mapped_file": 0,
        "dirty": 323584,
        "writeback": 0,
        "swap": 0,
        "pgpgin": 22659,
        "pgpgout": 901,
        "pgfault": 24403,
        "pgmajfault": 0,
        "inactive_anon": 88748032,
        "active_anon": 4096,
        "inactive_file": 323584,
        "active_file": 0,
        "unevictable": 0,
        "hierarchical_memory_limit": 9223372036854771712,
        "hierarchical_memsw_limit": 9223372036854771712,
        "total_cache": 323584,
        "total_rss": 88797184,
        "total_rss_huge": 0,
        "total_shmem": 0,
        "total_mapped_file": 0,
        "total_dirty": 323584,
        "total_writeback": 0,
        "total_swap": 0,
        "total_pgpgin": 22659,
        "total_pgpgout": 901,
        "total_pgfault": 24403,
        "total_pgmajfault": 0,
        "total_inactive_anon": 88748032,
        "total_active_anon": 4096,
        "total_inactive_file": 323584,
        "total_active_file": 0,
        "total_unevictable": 0
      }
    },
    {
      "container_id": "58512452fa21ca467cb9469cca1f7507deaf70903d9ba902a0f75ee10eaf17d3",
      "container_name": "test1_mobilenet_n2_container_1_1766403447340",
      "app_name": "mobilenet",
      "start_time": 1766403447.809,
      "start_duration_ms": 421.8745231628418,
      "pid": 2620278,
      "pss_mb": 152.55859375,
      "p95_latency_ms": 41.42,
      "p99_latency_ms": 497.85,
      "avg_latency_ms": 33.7804,
      "min_latency_ms": 23.67,
      "max_latency_ms": 497.85,
      "all_latencies_ms": [
        26.51,
        25.07,
        24.95,
        26.57,
        26.16,
        26.05,
        27.09,
        25.96,
        25.56,
        25.26,
        25.93,
        25.43,
        30.89,
        28.64,
        126.85,
        24.95,
        26.35,
        24.33,
        24.08,
        25.23,
        24.19,
        28.7,
        24.93,
        24.62,
        24.19,
        41.42,
        25.05,
        26.12,
        27.65,
        26.8,
        25.93,
        25.36,
        109.53,
        27.3,
        27.12,
        24.15,
        25.83,
        24.59,
        26.52,
        25.64,
        25.77,
        27.9,
        24.64,
        28.13,
        24.96,
        25.29,
        28.04,
        24.67,
        27.66,
        27.3,
        32.57,
        32.14,
        30.63,
        26.62,
        23.67,
        28.73,
        32.46,
        24.32,
        25.08,
        24.57,
        26.05,
        25.21,
        25.2,
        25.35,
        24.35,
        25.17,
        26.91,
        26.9,
        26.43,
        27.86,
        24.67,
        24.9,
        26.64,
        27.4,
        23.93,
        25.12,
        33.07,
        32.99,
        26.19,
        27.65,
        25.15,
        24.66,
        25.7,
        28.11,
        31.11,
        24.76,
        24.99,
        497.85,
        84.91,
        26.12,
        28.22,
        27.17,
        27.21,
        26.87,
        29.21,
        25.7,
        26.95,
        26.68,
        26.29,
        25.74
      ],
      "memory_stat": {
        "cache": 323584,
        "rss": 89481216,
        "rss_huge": 0,
        "shmem": 0,
        "mapped_file": 0,
        "dirty": 323584,
        "writeback": 0,
        "swap": 0,
        "pgpgin": 22916,
        "pgpgout": 991,
        "pgfault": 24685,
        "pgmajfault": 0,
        "inactive_anon": 89419776,
        "active_anon": 4096,
        "inactive_file": 323584,
        "active_file": 0,
        "unevictable": 0,
        "hierarchical_memory_limit": 9223372036854771712,
        "hierarchical_memsw_limit": 9223372036854771712,
        "total_cache": 323584,
        "total_rss": 89481216,
        "total_rss_huge": 0,
        "total_shmem": 0,
        "total_mapped_file": 0,
        "total_dirty": 323584,
        "total_writeback": 0,
        "total_swap": 0,
        "total_pgpgin": 22916,
        "total_pgpgout": 991,
        "total_pgfault": 24685,
        "total_pgmajfault": 0,
        "total_inactive_anon": 89419776,
        "total_active_anon": 4096,
        "total_inactive_file": 323584,
        "total_active_file": 0,
        "total_unevictable": 0
      }
    }
  ]
}