{
  "test_name": "test2_mixed_mobilenet_resnet_shufflenet_x1",
  "num_instances": 3,
  "app_config": [
    "mobilenet",
    "resnet",
    "shufflenet"
  ],
  "timestamp": 1766404094.302061,
  "memory_full": false,
  "containers": [
    {
      "container_id": "18609f88a7d1eb081d5b47d0164425ad87d3b680871976db1f16117781d5c1c6",
      "container_name": "test2_mixed_mobilenet_resnet_shufflenet_x1_container_0_1766404068103",
      "app_name": "mobilenet",
      "start_time": 1766404068.584,
      "start_duration_ms": 433.83145332336426,
      "pid": 2645752,
      "pss_mb": 151.51171875,
      "p95_latency_ms": 56.37,
      "p99_latency_ms": 310.21,
      "avg_latency_ms": 33.827,
      "min_latency_ms": 24.0,
      "max_latency_ms": 310.21,
      "all_latencies_ms": [
        31.26,
        25.16,
        26.33,
        24.85,
        25.04,
        25.17,
        24.24,
        29.58,
        27.37,
        25.59,
        37.14,
        28.89,
        31.98,
        101.27,
        32.35,
        24.88,
        56.37,
        40.74,
        310.21,
        78.32,
        30.15,
        38.04,
        28.79,
        29.23,
        35.57,
        27.83,
        29.71,
        29.41,
        30.81,
        28.52,
        26.17,
        24.61,
        28.75,
        30.95,
        25.79,
        35.72,
        31.62,
        29.43,
        31.02,
        25.41,
        27.79,
        34.56,
        25.67,
        26.18,
        29.18,
        24.5,
        28.38,
        24.88,
        27.78,
        28.84,
        25.6,
        24.67,
        30.49,
        25.72,
        25.83,
        24.0,
        25.62,
        31.52,
        24.74,
        24.3,
        34.26,
        33.18,
        32.32,
        33.72,
        29.38,
        34.31,
        32.25,
        30.16,
        24.7,
        28.69,
        30.22,
        28.94,
        28.59,
        25.19,
        27.89,
        31.29,
        25.58,
        28.66,
        25.48,
        28.27,
        24.76,
        28.4,
        29.28,
        25.07,
        37.08,
        34.93,
        58.76,
        55.39,
        27.75,
        41.64,
        29.02,
        25.41,
        29.91,
        25.73,
        29.1,
        28.67,
        26.83,
        28.17,
        28.06,
        31.14
      ],
      "memory_stat": {
        "cache": 323584,
        "rss": 88707072,
        "rss_huge": 0,
        "shmem": 0,
        "mapped_file": 0,
        "dirty": 323584,
        "writeback": 0,
        "swap": 0,
        "pgpgin": 22638,
        "pgpgout": 902,
        "pgfault": 24393,
        "pgmajfault": 0,
        "inactive_anon": 88670208,
        "active_anon": 4096,
        "inactive_file": 323584,
        "active_file": 0,
        "unevictable": 0,
        "hierarchical_memory_limit": 9223372036854771712,
        "hierarchical_memsw_limit": 9223372036854771712,
        "total_cache": 323584,
        "total_rss": 88707072,
        "total_rss_huge": 0,
        "total_shmem": 0,
        "total_mapped_file": 0,
        "total_dirty": 323584,
        "total_writeback": 0,
        "total_swap": 0,
        "total_pgpgin": 22638,
        "total_pgpgout": 902,
        "total_pgfault": 24393,
        "total_pgmajfault": 0,
        "total_inactive_anon": 88670208,
        "total_active_anon": 4096,
        "total_inactive_file": 323584,
        "total_active_file": 0,
        "total_unevictable": 0
      }
    },
    {
      "container_id": "5ac26a468e63a28f9c79f63c37349dfb9906ba12f446deea0249739d951e2228",
      "container_name": "test2_mixed_mobilenet_resnet_shufflenet_x1_container_1_1766404077754",
      "app_name": "resnet",
      "start_time": 1766404078.211,
      "start_duration_ms": 410.25710105895996,
      "pid": 2646125,
      "pss_mb": 151.41796875,
      "p95_latency_ms": 25.04,
      "p99_latency_ms": 100.27,
      "avg_latency_ms": 19.5613,
      "min_latency_ms": 16.56,
      "max_latency_ms": 100.27,
      "all_latencies_ms": [
        17.58,
        18.02,
        17.32,
        17.58,
        17.15,
        17.31,
        17.25,
        17.13,
        17.64,
        17.91,
        17.23,
        17.99,
        18.95,
        18.35,
        18.45,
        25.08,
        24.3,
        17.69,
        22.04,
        17.7,
        17.55,
        18.77,
        20.24,
        20.98,
        22.38,
        18.18,
        17.73,
        18.15,
        18.45,
        17.69,
        17.73,
        17.05,
        17.76,
        19.1,
        18.88,
        17.47,
        17.11,
        17.39,
        55.93,
        20.45,
        18.42,
        18.37,
        18.49,
        19.01,
        19.53,
        18.21,
        18.5,
        17.91,
        100.27,
        21.98,
        17.92,
        19.49,
        17.01,
        17.51,
        17.08,
        17.16,
        17.15,
        17.16,
        17.19,
        18.57,
        17.06,
        16.98,
        19.95,
        17.23,
        17.67,
        17.56,
        17.35,
        17.03,
        16.96,
        17.77,
        17.01,
        17.37,
        17.17,
        19.51,
        16.93,
        17.0,
        25.04,
        18.44,
        22.62,
        19.33,
        17.47,
        18.29,
        18.85,
        16.78,
        16.97,
        18.04,
        25.81,
        24.78,
        17.15,
        18.08,
        16.76,
        16.91,
        17.18,
        17.86,
        16.83,
        16.74,
        16.62,
        17.02,
        16.86,
        16.56
      ],
      "memory_stat": {
        "cache": 335872,
        "rss": 89575424,
        "rss_huge": 0,
        "shmem": 0,
        "mapped_file": 0,
        "dirty": 323584,
        "writeback": 0,
        "swap": 0,
        "pgpgin": 22946,
        "pgpgout": 995,
        "pgfault": 24722,
        "pgmajfault": 0,
        "inactive_anon": 89563136,
        "active_anon": 4096,
        "inactive_file": 323584,
        "active_file": 12288,
        "unevictable": 0,
        "hierarchical_memory_limit": 9223372036854771712,
        "hierarchical_memsw_limit": 9223372036854771712,
        "total_cache": 335872,
        "total_rss": 89575424,
        "total_rss_huge": 0,
        "total_shmem": 0,
        "total_mapped_file": 0,
        "total_dirty": 323584,
        "total_writeback": 0,
        "total_swap": 0,
        "total_pgpgin": 22946,
        "total_pgpgout": 995,
        "total_pgfault": 24722,
        "total_pgmajfault": 0,
        "total_inactive_anon": 89563136,
        "total_active_anon": 4096,
        "total_inactive_file": 323584,
        "total_active_file": 12288,
        "total_unevictable": 0
      }
    },
    {
      "container_id": "c098e0ed6e524b647efb7e44e28503811034863a30cd98566890db41f7a54347",
      "container_name": "test2_mixed_mobilenet_resnet_shufflenet_x1_container_2_1766404085741",
      "app_name": "shufflenet",
      "start_time": 1766404086.192,
      "start_duration_ms": 404.3102264404297,
      "pid": 2646469,
      "pss_mb": 151.6953125,
      "p95_latency_ms": 31.71,
      "p99_latency_ms": 35.88,
      "avg_latency_ms": 25.0874,
      "min_latency_ms": 22.99,
      "max_latency_ms": 35.88,