{
  "test_name": "test2_mixed_mobilenet_resnet_x1",
  "num_instances": 2,
  "app_config": [
    "mobilenet",
    "resnet"
  ],
  "timestamp": 1766403719.4708006,
  "memory_full": false,
  "containers": [
    {
      "container_id": "ad90cba5e3b976d09bc4a89d57c3191160913785b9215e76d60697cbbccd5e00",
      "container_name": "test2_mixed_mobilenet_resnet_x1_container_0_1766403701886",
      "app_name": "mobilenet",
      "start_time": 1766403702.393,
      "start_duration_ms": 462.80860900878906,
      "pid": 2630496,
      "pss_mb": 152.6875,
      "p95_latency_ms": 37.91,
      "p99_latency_ms": 117.5,
      "avg_latency_ms": 28.4221,
      "min_latency_ms": 23.74,
      "max_latency_ms": 117.5,
      "all_latencies_ms": [
        25.59,
        24.21,
        24.97,
        24.78,
        24.81,
        35.03,
        24.74,
        25.26,
        24.54,
        27.6,
        26.57,
        32.61,
        29.96,
        27.96,
        25.75,
        24.88,
        28.88,
        31.19,
        25.61,
        24.71,
        25.23,
        26.22,
        25.33,
        26.89,
        24.09,
        29.37,
        24.86,
        25.07,
        24.34,
        28.58,
        25.44,
        25.55,
        24.42,
        25.76,
        24.69,
        37.22,
        38.79,
        29.44,
        30.67,
        27.85,
        24.72,
        29.19,
        33.7,
        25.6,
        24.61,
        24.58,
        26.47,
        23.74,
        27.9,
        24.34,
        27.62,
        24.74,
        26.13,
        23.77,
        25.97,
        24.51,
        25.01,
        27.81,
        26.28,
        24.57,
        26.07,
        24.62,
        67.99,
        29.93,
        26.04,
        29.13,
        32.16,
        28.37,
        37.91,
        117.5,
        28.15,
        26.29,
        25.16,
        26.85,
        27.32,
        25.03,
        26.44,
        25.95,
        24.82,
        26.11,
        24.14,
        24.88,
        40.9,
        30.83,
        25.7,
        27.02,
        25.44,
        34.25,
        25.86,
        25.5,
        24.99,
        25.96,
        26.48,
        26.0,
        26.54,
        31.92,
        24.83,
        26.15,
        24.78,
        27.48
      ],
      "memory_stat": {
        "cache": 323584,
        "rss": 89591808,
        "rss_huge": 0,
        "shmem": 0,
        "mapped_file": 0,
        "dirty": 323584,
        "writeback": 0,
        "swap": 0,
        "pgpgin": 22942,
        "pgpgout": 990,
        "pgfault": 24721,
        "pgmajfault": 0,
        "inactive_anon": 89550848,
        "active_anon": 4096,
        "inactive_file": 323584,
        "active_file": 0,
        "unevictable": 0,
        "hierarchical_memory_limit": 9223372036854771712,
        "hierarchical_memsw_limit": 9223372036854771712,
        "total_cache": 323584,
        "total_rss": 89583616,
        "total_rss_huge": 0,
        "total_shmem": 0,
        "total_mapped_file": 0,
        "total_dirty": 323584,
        "total_writeback": 0,
        "total_swap": 0,
        "total_pgpgin": 22940,
        "total_pgpgout": 990,
        "total_pgfault": 24720,
        "total_pgmajfault": 0,
        "total_inactive_anon": 89550848,
        "total_active_anon": 4096,
        "total_inactive_file": 323584,
        "total_active_file": 0,
        "total_unevictable": 0
      }
    },
    {
      "container_id": "0c16d5aa691d101d5b65ab31afec2baf0cf2c26ca98fcea0fd46469feed4265d",
      "container_name": "test2_mixed_mobilenet_resnet_x1_container_1_1766403711054",
      "app_name": "resnet",
      "start_time": 1766403711.531,
      "start_duration_ms": 431.8554401397705,
      "pid": 2630860,
      "pss_mb": 149.1171875,
      "p95_latency_ms": 25.9,
      "p99_latency_ms": 30.31,
      "avg_latency_ms": 17.9159,
      "min_latency_ms": 16.19,
      "max_latency_ms": 30.31,
      "all_latencies_ms": [
        18.25,
        24.37,
        17.35,
        16.98,
        17.29,
        17.83,
        17.14,
        17.3,
        17.37,
        16.94,
        16.92,
        16.77,
        16.78,
        17.41,
        16.98,
        17.41,
        17.03,
        16.6,
        16.96,
        16.74,
        17.14,
        17.08,
        17.04,
        18.34,
        17.2,
        17.44,
        16.87,
        16.66,
        17.14,
        17.09,
        16.7,
        25.9,
        21.1,
        19.67,
        30.04,
        17.52,
        18.25,
        19.47,
        20.18,
        21.24,
        16.69,
        17.34,
        17.05,
        17.41,
        16.81,
        17.32,
        17.15,
        16.81,
        16.98,
        17.46,
        16.97,
        17.73,
        19.1,
        29.63,
        17.43,
        16.37,
        16.64,
        19.49,
        16.68,
        16.7,
        16.41,
        17.61,
        16.74,
        16.64,
        16.31,
        16.7,
        16.56,
        16.49,
        30.31,
        17.41,
        19.38,
        17.01,
        16.91,
        17.05,
        17.06,
        16.65,
        18.37,
        26.1,
        16.46,
        16.19,
        16.47,
        16.89,
        16.5,
        16.68,
        16.46,
        17.66,
        17.12,
        16.57,
        17.25,
        17.72,
        16.69,
        17.23,
        16.89,
        16.49,
        16.69,
        17.93,
        17.3,
        17.22,
        16.59,
        16.63
      ],
      "memory_stat": {
        "cache": 270336,
        "rss": 82636800,
        "rss_huge": 0,
        "shmem": 0,
        "mapped_file": 0,
        "dirty": 0,
        "writeback": 16384,
        "swap": 0,
        "pgpgin": 21237,
        "pgpgout": 996,
        "pgfault": 23017,
        "pgmajfault": 0,
        "inactive_anon": 82632704,
        "active_anon": 4096,
        "inactive_file": 253952,
        "active_file": 16384,
        "unevictable": 0,
        "hierarchical_memory_limit": 9223372036854771712,
        "hierarchical_memsw_limit": 9223372036854771712,
        "total_cache": 270336,
        "total_rss": 82636800,
        "total_rss_huge": 0,
        "total_shmem": 0,
        "total_mapped_file": 0,
        "total_dirty": 0,
        "total_writeback": 16384,
        "total_swap": 0,
        "total_pgpgin": 21237,
        "total_pgpgout": 996,
        "total_pgfault": 23017,
        "total_pgmajfault": 0,
        "total_inactive_anon": 82632704,
        "total_active_anon": 4096,
        "total_inactive_file": 253952,
        "total_active_file": 16384,
        "total_unevictable": 0
      }
    }
  ]
}