{
  "test_name": "test1_mobilenet_n1",
  "num_instances": 1,
  "app_config": [
    "mobilenet"
  ],
  "timestamp": 1766403417.8602405,
  "memory_full": false,
  "containers": [
    {
      "container_id": "9cc5288c26efde803b90ad4184bc054b62de8e9b1cdc565ddf2c9b40070272bd",
      "container_name": "test1_mobilenet_n1_container_0_1766403408770",
      "app_name": "mobilenet",
      "start_time": 1766403409.244,
      "start_duration_ms": 428.7550449371338,
      "pid": 2618745,
      "pss_mb": 152.90625,
      "p95_latency_ms": 39.68,
      "p99_latency_ms": 156.01,
      "avg_latency_ms": 30.0273,
      "min_latency_ms": 24.31,
      "max_latency_ms": 156.01,
      "all_latencies_ms": [
        27.39,
        25.95,
        28.7,
        27.46,
        26.32,
        26.31,
        27.86,
        28.0,
        28.34,
        28.45,
        29.48,
        33.57,
        33.31,
        30.35,
        28.6,
        27.41,
        38.99,
        29.58,
        27.26,
        26.72,
        27.03,
        26.31,
        34.56,
        29.91,
        28.07,
        25.48,
        27.2,
        27.81,
        27.81,
        27.74,
        26.12,
        27.39,
        40.73,
        32.62,
        42.09,
        28.43,
        26.8,
        25.5,
        31.89,
        36.77,
        26.83,
        26.29,
        27.18,
        28.04,
        27.39,
        27.28,
        27.55,
        26.1,
        27.86,
        28.28,
        28.69,
        30.39,
        27.91,
        28.53,
        28.16,
        26.83,
        26.47,
        33.04,
        33.97,
        29.13,
        28.13,
        27.95,
        27.41,
        29.13,
        39.68,
        156.01,
        26.97,
        27.04,
        26.73,
        25.03,
        27.05,
        26.39,
        25.72,
        26.84,
        26.6,
        27.09,
        28.18,
        25.26,
        41.55,
        27.98,
        35.46,
        28.6,
        26.31,
        27.3,
        25.92,
        24.31,
        26.38,
        25.23,
        25.18,
        29.46,
        24.62,
        26.35,
        25.26,
        27.29,
        25.34,
        26.86,
        29.24,
        29.44,
        36.73,
        34.48
      ],
      "memory_stat": {
        "cache": 323584,
        "rss": 89489408,
        "rss_huge": 0,
        "shmem": 0,
        "mapped_file": 0,
        "dirty": 323584,
        "writeback": 0,
        "swap": 0,
        "pgpgin": 22842,
        "pgpgout": 915,
        "pgfault": 24606,
        "pgmajfault": 0,
        "inactive_anon": 89485312,
        "active_anon": 4096,
        "inactive_file": 323584,
        "active_file": 0,
        "unevictable": 0,
        "hierarchical_memory_limit": 9223372036854771712,
        "hierarchical_memsw_limit": 9223372036854771712,
        "total_cache": 323584,
        "total_rss": 89489408,
        "total_rss_huge": 0,
        "total_shmem": 0,
        "total_mapped_file": 0,
        "total_dirty": 323584,
        "total_writeback": 0,
        "total_swap": 0,
        "total_pgpgin": 22842,
        "total_pgpgout": 915,
        "total_pgfault": 24606,
        "total_pgmajfault": 0,
        "total_inactive_anon": 89485312,
        "total_active_anon": 4096,
        "total_inactive_file": 323584,
        "total_active_file": 0,
        "total_unevictable": 0
      }
    }
  ]
}