{
  "test_name": "test1_mobilenet_n4",
  "num_instances": 4,
  "app_config": [
    "mobilenet",
    "mobilenet",
    "mobilenet",
    "mobilenet"
  ],
  "timestamp": 1766384544.1377869,
  "memory_full": false,
  "containers": [
    {
      "container_id": "94e5dbb1fb0cb49250f6c456cd7d339a3c51dd45e9bbe94af4f500d89a433086",
      "container_name": "test1_mobilenet_n4_container_0_1766384504489",
      "app_name": "mobilenet",
      "start_time": 1766384504.916,
      "start_duration_ms": 381.0920715332031,
      "pid": 2529933,
      "pss_mb": 152.2578125,
      "p95_latency_ms": 41.34,
      "p99_latency_ms": 45.98,
      "avg_latency_ms": 39.2772,
      "min_latency_ms": 37.01,
      "max_latency_ms": 45.98,
      "all_latencies_ms": [
        38.44,
        38.44,
        38.29,
        38.46,
        37.45,
        39.85,
        38.6,
        38.61,
        37.4,
        38.91,
        37.96,
        39.85,
        38.05,
        40.41,
        38.55,
        37.19,
        38.47,
        38.75,
        40.47,
        40.65,
        37.23,
        38.49,
        38.47,
        40.3,
        45.96,
        39.69,
        37.81,
        37.39,
        38.62,
        40.44,
        41.34,
        37.99,
        38.72,
        40.63,
        38.47,
        38.42,
        38.76,
        41.21,
        37.63,
        37.31,
        38.68,
        38.65,
        40.25,
        41.49,
        39.61,
        38.43,
        40.11,
        39.3,
        40.87,
        40.34,
        40.99,
        38.22,
        40.39,
        40.99,
        39.38,
        40.24,
        39.86,
        38.8,
        37.4,
        38.26,
        39.73,
        38.7,
        40.43,
        38.48,
        37.26,
        40.11,
        40.24,
        40.29,
        38.73,
        40.56,
        38.8,
        40.32,
        38.55,
        40.6,
        38.38,
        40.37,
        38.7,
        39.84,
        38.37,
        40.62,
        40.28,
        37.24,
        45.98,
        42.07,
        38.32,
        40.4,
        41.18,
        39.75,
        37.32,
        38.32,
        38.34,
        38.42,
        40.05,
        38.3,
        38.97,
        38.35,
        38.76,
        38.6,
        37.01,
        39.04
      ],
      "memory_stat": {
        "cache": 323584,
        "rss": 89300992,
        "rss_huge": 0,
        "shmem": 0,
        "mapped_file": 0,
        "dirty": 323584,
        "writeback": 0,
        "swap": 0,
        "pgpgin": 22874,
        "pgpgout": 993,
        "pgfault": 24674,
        "pgmajfault": 0,
        "inactive_anon": 89296896,
        "active_anon": 4096,
        "inactive_file": 323584,
        "active_file": 0,
        "unevictable": 0,
        "hierarchical_memory_limit": 2147483648,
        "hierarchical_memsw_limit": 4294967296,
        "total_cache": 323584,
        "total_rss": 89288704,
        "total_rss_huge": 0,
        "total_shmem": 0,
        "total_mapped_file": 0,
        "total_dirty": 323584,
        "total_writeback": 0,
        "total_swap": 0,
        "total_pgpgin": 22871,
        "total_pgpgout": 993,
        "total_pgfault": 24671,
        "total_pgmajfault": 0,
        "total_inactive_anon": 89235456,
        "total_active_anon": 4096,
        "total_inactive_file": 323584,
        "total_active_file": 0,
        "total_unevictable": 0
      }
    },
    {
      "container_id": "32114799f58381913aafad165de5886f101b567be79413cb0ecb8187d5b453cc",
      "container_name": "test1_mobilenet_n4_container_1_1766384514236",
      "app_name": "mobilenet",
      "start_time": 1766384514.658,
      "start_duration_ms": 375.45228004455566,
      "pid": 2530318,
      "pss_mb": 152.42578125,
      "p95_latency_ms": 41.32,
      "p99_latency_ms": 45.37,
      "avg_latency_ms": 38.5454,
      "min_latency_ms": 36.23,
      "max_latency_ms": 45.37,
      "all_latencies_ms": [
        40.11,
        38.14,
        38.25,
        38.23,
        38.24,
        36.94,
        38.96,
        38.13,
        36.49,
        39.13,
        39.89,
        38.46,
        38.05,
        37.69,
        37.73,
        40.17,
        37.35,
        40.88,
        38.43,
        37.63,
        38.17,
        38.29,
        37.9,
        38.73,
        45.37,
        39.27,
        39.21,
        37.45,
        38.06,
        38.22,
        38.08,
        37.86,
        37.99,
        38.79,
        37.78,
        37.28,
        41.58,
        37.41,
        38.69,
        37.97,
        38.08,
        38.66,
        38.05,
        36.81,
        38.62,
        37.34,
        37.43,
        39.1,
        37.43,
        38.05,
        38.73,
        39.98,
        38.18,
        37.47,
        38.0,
        38.41,
        38.45,
        37.83,
        38.01,
        37.02,
        37.18,
        38.59,
        38.14,
        40.54,
        37.97,
        37.61,
        38.83,
        41.15,
        38.11,
        38.18,
        41.61,
        38.97,
        39.18,
        37.46,
        40.18,
        36.23,
        38.19,
        37.56,
        39.15,
        38.24,
        37.96,
        38.25,
        37.24,
        37.72,
        45.19,
        41.32,
        37.04,
        38.06,
        40.54,
        38.17,
        37.77,
        38.34,
        39.68,
        38.14,
        39.58,
        40.7,
        38.02,
        37.3,
        37.5,
        38.3
      ],
      "memory_stat": {
        "cache": 339968,
        "rss": 89604096,
        "rss_huge": 0,
        "shmem": 0,
        "mapped_file": 0,
        "dirty": 323584,
        "writeback": 0,
        "swap": 0,
        "pgpgin": 22850,
        "pgpgout": 891,
        "pgfault": 24601,
        "pgmajfault": 0,
        "inactive_anon": 89550848,
        "active_anon": 4096,
        "inactive_file": 323584,
        "active_file": 16384,
        "unevictable": 0,
        "hierarchical_memory_limit": 2147483648,
        "hierarchical_memsw_limit": 4294967296,
        "total_cache": 339968,
        "total_rss": 89600000,
        "total_rss_huge": 0,
        "total_shmem": 0,
        "total_mapped_file": 0,
        "total_dirty": 323584,
        "total_writeback": 0,
        "total_swap": 0,
        "total_pgpgin": 22849,
        "total_pgpgout": 891,
        "total_pgfault": 24600,
        "total_pgmajfault": 0,
        "total_inactive_anon": 89550848,
        "total_active_anon": 4096,
        "total_inactive_file": 323584,
        "total_active_file": 16384,
        "total_unevictable": 0
      }
    },
    {
      "container_id": "cb4f23e21106e3f56cca0e7f2c869f85942bd9125d2292cf60b5dbdfa80196e8",
      "container_name": "test1_mobilenet_n4_container_2_1766384523910",
      "app_name": "mobilenet",
      "start_time": 1766384524.36,
      "start_duration_ms": 404.34718132019043,
      "pid": 2530688,
      "pss_mb": 152.75390625,
      "p95_latency_ms": 42.89,
      "p99_latency_ms": 49.8,
      "avg_latency_ms": 39.935,
      "min_latency_ms": 36.04,
      "max_latency_ms": 49.8,