{
  "test_name": "test2_mixed_mobilenet_resnet_x3",
  "num_instances": 6,
  "app_config": [
    "mobilenet",
    "resnet",
    "mobilenet",
    "resnet",
    "mobilenet",
    "resnet"
  ],
  "timestamp": 1766385195.1317685,
  "memory_full": false,
  "containers": [
    {
      "container_id": "f6ddf8a84d23ebb05e14625a3c88f0081777c2e61f1f9ef77aeaebc412222ef4",
      "container_name": "test2_mixed_mobilenet_resnet_x3_container_0_1766385128503",
      "app_name": "mobilenet",
      "start_time": 1766385128.983,
      "start_duration_ms": 433.3224296569824,
      "pid": 2553190,
      "pss_mb": 152.51171875,
      "p95_latency_ms": 42.24,
      "p99_latency_ms": 49.0,
      "avg_latency_ms": 39.0973,
      "min_latency_ms": 36.54,
      "max_latency_ms": 49.0,
      "all_latencies_ms": [
        43.33,
        39.4,
        38.12,
        36.69,
        38.59,
        38.93,
        37.72,
        37.42,
        37.84,
        37.05,
        38.48,
        38.38,
        37.52,
        37.75,
        37.92,
        38.58,
        38.54,
        37.91,
        38.0,
        38.26,
        41.61,
        41.85,
        37.91,
        37.9,
        49.0,
        40.09,
        37.65,
        37.93,
        37.67,
        38.1,
        40.7,
        37.53,
        38.67,
        37.8,
        37.74,
        38.29,
        37.95,
        38.67,
        37.66,
        41.66,
        39.18,
        37.7,
        39.94,
        41.6,
        39.2,
        37.79,
        36.54,
        41.67,
        41.49,
        39.18,
        38.91,
        41.28,
        38.19,
        37.85,
        41.39,
        43.33,
        38.67,
        38.32,
        40.1,
        39.0,
        37.56,
        41.87,
        38.92,
        37.73,
        38.72,
        40.98,
        40.02,
        38.7,
        38.36,
        38.17,
        37.99,
        38.52,
        41.45,
        39.03,
        41.47,
        39.43,
        37.99,
        38.21,
        37.99,
        38.13,
        38.09,
        38.09,
        38.11,
        45.87,
        38.82,
        41.81,
        39.64,
        40.79,
        39.62,
        37.82,
        42.24,
        38.05,
        38.74,
        37.91,
        37.4,
        38.35,
        37.87,
        40.29,
        36.57,
        38.27
      ],
      "memory_stat": {
        "cache": 344064,
        "rss": 89378816,
        "rss_huge": 0,
        "shmem": 0,
        "mapped_file": 0,
        "dirty": 323584,
        "writeback": 0,
        "swap": 0,
        "pgpgin": 22892,
        "pgpgout": 987,
        "pgfault": 24665,
        "pgmajfault": 0,
        "inactive_anon": 89358336,
        "active_anon": 4096,
        "inactive_file": 323584,
        "active_file": 20480,
        "unevictable": 0,
        "hierarchical_memory_limit": 2147483648,
        "hierarchical_memsw_limit": 4294967296,
        "total_cache": 344064,
        "total_rss": 89333760,
        "total_rss_huge": 0,
        "total_shmem": 0,
        "total_mapped_file": 0,
        "total_dirty": 323584,
        "total_writeback": 0,
        "total_swap": 0,
        "total_pgpgin": 22881,
        "total_pgpgout": 987,
        "total_pgfault": 24654,
        "total_pgmajfault": 0,
        "total_inactive_anon": 89296896,
        "total_active_anon": 4096,
        "total_inactive_file": 323584,
        "total_active_file": 20480,
        "total_unevictable": 0
      }
    },
    {
      "container_id": "378d7961b1415870b357af6b6cd247918e0898ff996b91cb5ba3f26510638b37",
      "container_name": "test2_mixed_mobilenet_resnet_x3_container_1_1766385138292",
      "app_name": "resnet",
      "start_time": 1766385138.739,
      "start_duration_ms": 402.3745059967041,
      "pid": 2553581,
      "pss_mb": 154.2578125,
      "p95_latency_ms": 62.1,
      "p99_latency_ms": 74.49,
      "avg_latency_ms": 61.7047,
      "min_latency_ms": 61.14,
      "max_latency_ms": 74.49,
      "all_latencies_ms": [
        61.43,
        61.43,
        61.35,
        61.27,
        61.32,
        61.6,
        61.36,
        61.3,
        61.34,
        61.36,
        61.63,
        61.4,
        61.53,
        61.94,
        61.83,
        74.39,
        62.34,
        61.47,
        61.4,
        61.55,
        61.25,
        61.44,
        61.33,
        61.38,
        61.25,
        61.32,
        61.44,
        61.21,
        61.39,
        61.96,
        61.4,
        62.09,
        61.26,
        61.3,
        61.3,
        61.33,
        61.35,
        61.38,
        61.35,
        61.31,
        61.46,
        61.18,
        61.83,
        61.3,
        61.57,
        62.1,
        61.81,
        61.5,
        61.24,
        61.6,
        61.38,
        61.31,
        74.49,
        62.32,
        61.28,
        61.29,
        61.39,
        61.25,
        61.38,
        61.24,
        61.37,
        61.68,
        61.82,
        61.42,
        61.24,
        61.34,
        61.57,
        61.36,
        61.21,
        61.38,
        61.3,
        61.25,
        61.46,
        62.08,
        61.37,
        61.61,
        61.4,
        61.83,
        61.63,
        61.55,
        61.14,
        61.26,
        61.32,
        61.28,
        61.3,
        61.38,
        61.29,
        61.33,
        61.28,
        61.21,
        61.33,
        61.45,
        61.24,
        61.31,
        61.74,
        61.27,
        61.34,
        61.37,
        61.23,
        61.33
      ],
      "memory_stat": {
        "cache": 356352,
        "rss": 90112000,
        "rss_huge": 0,
        "shmem": 0,
        "mapped_file": 0,
        "dirty": 323584,
        "writeback": 0,
        "swap": 0,
        "pgpgin": 22989,
        "pgpgout": 901,
        "pgfault": 24752,
        "pgmajfault": 0,
        "inactive_anon": 90058752,
        "active_anon": 4096,
        "inactive_file": 323584,
        "active_file": 32768,
        "unevictable": 0,
        "hierarchical_memory_limit": 2147483648,
        "hierarchical_memsw_limit": 4294967296,
        "total_cache": 356352,
        "total_rss": 90099712,
        "total_rss_huge": 0,
        "total_shmem": 0,
        "total_mapped_file": 0,
        "total_dirty": 323584,
        "total_writeback": 0,
        "total_swap": 0,
        "total_pgpgin": 22985,
        "total_pgpgout": 901,
        "total_pgfault": 24748,
        "total_pgmajfault": 0,
        "total_inactive_anon": 90058752,
        "total_active_anon": 4096,
        "total_inactive_file": 323584,
        "total_active_file": 32768,
        "total_unevictable": 0
      }
    },
    {
      "container_id": "dc757bb9065d58080ff2b88f15988b099f9f042155fedbe028ff9bfdc52a1582",
      "container_name": "test2_mixed_mobilenet_resnet_x3_container_2_1766385150567",
      "app_name": "mobilenet",
      "start_time": 1766385151.013,
      "start_duration_ms": 400.38013458251953,
      "pid": 2554005,
      "pss_mb": 152.4296875,
      "p95_latency_ms": 46.52,
      "p99_latency_ms": 56.57,
      "avg_latency_ms": 40.8491,
      "min_latency_ms": 36.4,
      "max_latency_ms": 56.57,