{
  "test_name": "test1_mobilenet_n1",
  "num_instances": 1,
  "app_config": [
    "mobilenet"
  ],
  "timestamp": 1766384360.4920952,
  "memory_full": false,
  "containers": [
    {
      "container_id": "2e5df3230de9ae9b9a044dfbf68f0cef09682a4966799d1fe136995228199ab2",
      "container_name": "test1_mobilenet_n1_container_0_1766384350876",
      "app_name": "mobilenet",
      "start_time": 1766384351.321,
      "start_duration_ms": 400.3632068634033,
      "pid": 2524093,
      "pss_mb": 152.578125,
      "p95_latency_ms": 42.63,
      "p99_latency_ms": 44.99,
      "avg_latency_ms": 38.0755,
      "min_latency_ms": 35.86,
      "max_latency_ms": 44.99,
      "all_latencies_ms": [
        37.93,
        37.91,
        41.86,
        38.24,
        37.06,
        37.7,
        42.07,
        36.02,
        36.41,
        41.08,
        38.3,
        37.11,
        42.95,
        35.91,
        37.73,
        36.03,
        38.64,
        37.24,
        36.09,
        37.17,
        38.23,
        38.0,
        36.79,
        36.81,
        44.99,
        40.23,
        38.77,
        37.29,
        42.24,
        37.13,
        36.71,
        36.61,
        36.79,
        37.55,
        35.92,
        37.7,
        36.78,
        37.52,
        37.61,
        35.86,
        37.83,
        36.05,
        40.81,
        38.33,
        37.31,
        37.35,
        37.21,
        39.02,
        36.51,
        41.31,
        37.96,
        36.96,
        36.76,
        36.85,
        36.55,
        37.77,
        37.13,
        36.02,
        37.04,
        37.84,
        37.34,
        37.7,
        38.31,
        36.48,
        36.08,
        37.51,
        38.53,
        36.54,
        36.96,
        37.05,
        37.0,
        36.03,
        37.17,
        40.82,
        42.63,
        36.59,
        36.79,
        36.63,
        35.98,
        36.73,
        42.79,
        36.38,
        38.59,
        39.97,
        40.56,
        42.55,
        41.2,
        38.47,
        37.22,
        38.02,
        36.32,
        38.21,
        40.52,
        44.7,
        38.08,
        37.99,
        36.94,
        40.8,
        36.59,
        37.19
      ],
      "memory_stat": {
        "cache": 360448,
        "rss": 89387008,
        "rss_huge": 0,
        "shmem": 0,
        "mapped_file": 0,
        "dirty": 323584,
        "writeback": 0,
        "swap": 0,
        "pgpgin": 22811,
        "pgpgout": 900,
        "pgfault": 24567,
        "pgmajfault": 0,
        "inactive_anon": 89366528,
        "active_anon": 4096,
        "inactive_file": 323584,
        "active_file": 36864,
        "unevictable": 0,
        "hierarchical_memory_limit": 2147483648,
        "hierarchical_memsw_limit": 4294967296,
        "total_cache": 360448,
        "total_rss": 89378816,
        "total_rss_huge": 0,
        "total_shmem": 0,
        "total_mapped_file": 0,
        "total_dirty": 323584,
        "total_writeback": 0,
        "total_swap": 0,
        "total_pgpgin": 22809,
        "total_pgpgout": 900,
        "total_pgfault": 24565,
        "total_pgmajfault": 0,
        "total_inactive_anon": 89366528,
        "total_active_anon": 4096,
        "total_inactive_file": 323584,
        "total_active_file": 36864,
        "total_unevictable": 0
      }
    }
  ]
}