{
  "test_name": "test1_mobilenet_n2",
  "num_instances": 2,
  "app_config": [
    "mobilenet",
    "mobilenet"
  ],
  "timestamp": 1766384422.794393,
  "memory_full": false,
  "containers": [
    {
      "container_id": "4208a7e9e9495fb873bac91b120e5e56c197871433374cdeb3feac8eb12b72e4",
      "container_name": "test1_mobilenet_n2_container_0_1766384402855",
      "app_name": "mobilenet",
      "start_time": 1766384403.309,
      "start_duration_ms": 381.15835189819336,
      "pid": 2526073,
      "pss_mb": 151.671875,
      "p95_latency_ms": 44.52,
      "p99_latency_ms": 47.38,
      "avg_latency_ms": 38.6485,
      "min_latency_ms": 35.61,
      "max_latency_ms": 47.38,
      "all_latencies_ms": [
        38.97,
        37.44,
        36.95,
        36.93,
        37.21,
        41.58,
        37.98,
        41.1,
        38.88,
        39.62,
        36.19,
        41.06,
        40.51,
        41.23,
        38.83,
        38.91,
        36.35,
        37.15,
        41.68,
        40.04,
        36.44,
        37.55,
        36.49,
        36.82,
        47.38,
        38.58,
        36.92,
        37.08,
        36.88,
        36.33,
        41.25,
        40.5,
        36.25,
        37.08,
        36.88,
        38.51,
        37.81,
        37.08,
        38.03,
        37.89,
        35.61,
        38.66,
        36.79,
        46.02,
        38.83,
        36.82,
        40.55,
        38.13,
        37.97,
        44.52,
        39.62,
        42.51,
        37.87,
        38.3,
        37.07,
        41.04,
        36.98,
        42.69,
        39.37,
        36.15,
        37.76,
        36.25,
        37.13,
        37.11,
        37.22,
        36.92,
        36.3,
        38.5,
        38.43,
        35.66,
        46.43,
        37.67,
        37.5,
        37.26,
        37.63,
        36.84,
        38.19,
        36.65,
        37.1,
        38.44,
        42.51,
        37.31,
        41.82,
        38.28,
        46.39,
        37.18,
        36.92,
        41.34,
        37.82,
        37.34,
        40.77,
        39.04,
        36.87,
        37.0,
        37.05,
        43.17,
        42.08,
        37.08,
        37.07,
        36.96
      ],
      "memory_stat": {
        "cache": 360448,
        "rss": 88485888,
        "rss_huge": 0,
        "shmem": 0,
        "mapped_file": 0,
        "dirty": 323584,
        "writeback": 0,
        "swap": 0,
        "pgpgin": 22596,
        "pgpgout": 905,
        "pgfault": 24355,
        "pgmajfault": 0,
        "inactive_anon": 88444928,
        "active_anon": 4096,
        "inactive_file": 323584,
        "active_file": 36864,
        "unevictable": 0,
        "hierarchical_memory_limit": 2147483648,
        "hierarchical_memsw_limit": 4294967296,
        "total_cache": 360448,
        "total_rss": 88485888,
        "total_rss_huge": 0,
        "total_shmem": 0,
        "total_mapped_file": 0,
        "total_dirty": 323584,
        "total_writeback": 0,
        "total_swap": 0,
        "total_pgpgin": 22596,
        "total_pgpgout": 905,
        "total_pgfault": 24355,
        "total_pgmajfault": 0,
        "total_inactive_anon": 88444928,
        "total_active_anon": 4096,
        "total_inactive_file": 323584,
        "total_active_file": 36864,
        "total_unevictable": 0
      }
    },
    {
      "container_id": "391c378575c0d8810c1d15a59540d4ae13453a298aa116ef6815212948ad54ec",
      "container_name": "test1_mobilenet_n2_container_1_1766384412639",
      "app_name": "mobilenet",
      "start_time": 1766384413.087,
      "start_duration_ms": 399.0657329559326,
      "pid": 2526451,
      "pss_mb": 154.51171875,
      "p95_latency_ms": 43.55,
      "p99_latency_ms": 46.03,
      "avg_latency_ms": 40.0237,
      "min_latency_ms": 36.1,
      "max_latency_ms": 46.03,
      "all_latencies_ms": [
        38.72,
        37.94,
        37.9,
        41.33,
        40.89,
        37.37,
        38.52,
        38.49,
        38.78,
        36.98,
        38.61,
        43.64,
        38.99,
        41.6,
        41.96,
        39.28,
        41.97,
        39.67,
        37.25,
        39.58,
        40.69,
        42.98,
        39.3,
        45.18,
        39.26,
        41.16,
        39.7,
        40.97,
        40.25,
        41.04,
        40.78,
        36.7,
        42.75,
        42.69,
        40.7,
        38.1,
        38.69,
        41.17,
        39.48,
        38.36,
        40.34,
        38.59,
        36.56,
        37.08,
        37.67,
        38.0,
        41.28,
        39.56,
        39.43,
        37.81,
        38.53,
        38.42,
        40.11,
        41.7,
        38.2,
        42.59,
        38.52,
        38.41,
        38.12,
        38.51,
        40.86,
        39.52,
        37.65,
        42.36,
        38.9,
        42.41,
        40.97,
        42.61,
        40.84,
        40.28,
        43.55,
        40.64,
        41.52,
        39.82,
        43.15,
        36.1,
        41.42,
        38.69,
        40.96,
        37.32,
        38.49,
        46.03,
        40.32,
        41.41,
        44.69,
        41.05,
        39.78,
        37.34,
        38.7,
        37.05,
        42.9,
        42.82,
        42.66,
        41.05,
        37.7,
        42.8,
        38.12,
        40.93,
        42.95,
        37.16
      ],
      "memory_stat": {
        "cache": 364544,
        "rss": 90386432,
        "rss_huge": 0,
        "shmem": 0,
        "mapped_file": 0,
        "dirty": 323584,
        "writeback": 0,
        "swap": 0,
        "pgpgin": 23148,
        "pgpgout": 992,
        "pgfault": 24917,
        "pgmajfault": 0,
        "inactive_anon": 90337280,
        "active_anon": 4096,
        "inactive_file": 323584,
        "active_file": 40960,
        "unevictable": 0,
        "hierarchical_memory_limit": 2147483648,
        "hierarchical_memsw_limit": 4294967296,
        "total_cache": 364544,
        "total_rss": 90386432,
        "total_rss_huge": 0,
        "total_shmem": 0,
        "total_mapped_file": 0,
        "total_dirty": 323584,
        "total_writeback": 0,
        "total_swap": 0,
        "total_pgpgin": 23148,
        "total_pgpgout": 992,
        "total_pgfault": 24917,
        "total_pgmajfault": 0,
        "total_inactive_anon": 90337280,
        "total_active_anon": 4096,
        "total_inactive_file": 323584,
        "total_active_file": 40960,
        "total_unevictable": 0
      }
    }
  ]
}