{
  "test_name": "test2_mixed_mobilenet_resnet_shufflenet_x1",
  "num_instances": 3,
  "app_config": [
    "mobilenet",
    "resnet",
    "shufflenet"
  ],
  "timestamp": 1766385562.315594,
  "memory_full": false,
  "containers": [
    {
      "container_id": "92a7bfe28e5034a1d2fbdc3342c6bef65835c13288f4612c47d70863df1d9672",
      "container_name": "test2_mixed_mobilenet_resnet_shufflenet_x1_container_0_1766385531783",
      "app_name": "mobilenet",
      "start_time": 1766385532.243,
      "start_duration_ms": 415.7450199127197,
      "pid": 2567928,
      "pss_mb": 152.609375,
      "p95_latency_ms": 42.44,
      "p99_latency_ms": 46.24,
      "avg_latency_ms": 38.2672,
      "min_latency_ms": 35.93,
      "max_latency_ms": 46.24,
      "all_latencies_ms": [
        38.33,
        41.73,
        36.93,
        39.27,
        38.2,
        36.14,
        37.74,
        38.18,
        37.78,
        36.24,
        37.35,
        37.85,
        36.92,
        37.8,
        36.94,
        37.06,
        39.0,
        40.47,
        36.9,
        37.6,
        37.26,
        42.34,
        37.54,
        36.73,
        44.13,
        43.18,
        37.21,
        38.33,
        37.79,
        38.27,
        37.07,
        41.9,
        38.05,
        43.74,
        37.26,
        38.32,
        38.06,
        37.33,
        39.05,
        36.75,
        37.22,
        38.24,
        37.16,
        37.49,
        37.75,
        37.94,
        40.5,
        38.13,
        37.25,
        37.87,
        38.32,
        38.39,
        38.31,
        38.57,
        37.75,
        37.2,
        37.51,
        36.8,
        41.39,
        41.71,
        36.94,
        37.55,
        37.12,
        37.48,
        36.88,
        36.61,
        36.91,
        36.8,
        36.77,
        36.72,
        37.39,
        38.34,
        37.67,
        37.29,
        38.49,
        35.93,
        37.19,
        38.26,
        38.41,
        37.58,
        41.0,
        36.61,
        41.64,
        38.1,
        37.9,
        46.24,
        37.47,
        37.96,
        38.69,
        37.24,
        37.86,
        37.75,
        35.93,
        37.71,
        37.49,
        37.7,
        41.54,
        42.44,
        37.66,
        37.22
      ],
      "memory_stat": {
        "cache": 335872,
        "rss": 89419776,
        "rss_huge": 0,
        "shmem": 0,
        "mapped_file": 0,
        "dirty": 323584,
        "writeback": 0,
        "swap": 0,
        "pgpgin": 22905,
        "pgpgout": 992,
        "pgfault": 24683,
        "pgmajfault": 0,
        "inactive_anon": 89415680,
        "active_anon": 4096,
        "inactive_file": 323584,
        "active_file": 12288,
        "unevictable": 0,
        "hierarchical_memory_limit": 2147483648,
        "hierarchical_memsw_limit": 4294967296,
        "total_cache": 335872,
        "total_rss": 89391104,
        "total_rss_huge": 0,
        "total_shmem": 0,
        "total_mapped_file": 0,
        "total_dirty": 323584,
        "total_writeback": 0,
        "total_swap": 0,
        "total_pgpgin": 22898,
        "total_pgpgout": 992,
        "total_pgfault": 24676,
        "total_pgmajfault": 0,
        "total_inactive_anon": 89354240,
        "total_active_anon": 4096,
        "total_inactive_file": 323584,
        "total_active_file": 12288,
        "total_unevictable": 0
      }
    },
    {
      "container_id": "f1fbb3a9718b1c3be89e41466e758e68aa6c7f0607773f00a1e70d04b399e83f",
      "container_name": "test2_mixed_mobilenet_resnet_shufflenet_x1_container_1_1766385541500",
      "app_name": "resnet",
      "start_time": 1766385541.966,
      "start_duration_ms": 420.3469753265381,
      "pid": 2568318,
      "pss_mb": 151.359375,
      "p95_latency_ms": 65.73,
      "p99_latency_ms": 75.41,
      "avg_latency_ms": 62.0708,
      "min_latency_ms": 61.19,
      "max_latency_ms": 75.41,
      "all_latencies_ms": [
        61.71,
        61.31,
        61.42,
        61.47,
        61.5,
        61.57,
        61.64,
        61.48,
        61.47,
        61.96,
        61.53,
        61.38,
        61.47,
        61.35,
        65.73,
        72.01,
        61.66,
        61.67,
        61.54,
        61.51,
        61.57,
        61.59,
        61.56,
        61.63,
        61.63,
        62.0,
        61.74,
        61.37,
        61.46,
        61.52,
        61.47,
        61.65,
        61.52,
        61.4,
        61.46,
        64.57,
        72.2,
        61.73,
        61.43,
        61.55,
        61.8,
        61.9,
        61.34,
        61.36,
        61.43,
        61.53,
        61.19,
        61.39,
        61.61,
        61.49,
        61.6,
        61.39,
        61.57,
        61.39,
        61.46,
        61.36,
        61.43,
        62.12,
        61.7,
        61.35,
        61.27,
        61.47,
        61.31,
        75.41,
        62.25,
        61.67,
        61.38,
        61.5,
        61.36,
        61.42,
        61.46,
        61.46,
        61.38,
        61.88,
        61.66,
        61.31,
        61.41,
        61.45,
        61.35,
        61.24,
        61.45,
        61.49,
        61.39,
        61.48,
        61.46,
        61.34,
        61.39,
        61.33,
        61.45,
        61.82,
        61.69,
        61.48,
        61.4,
        61.29,
        61.3,
        61.39,
        61.46,
        61.35,
        61.53,
        75.11
      ],
      "memory_stat": {
        "cache": 360448,
        "rss": 89370624,
        "rss_huge": 0,
        "shmem": 0,
        "mapped_file": 0,
        "dirty": 323584,
        "writeback": 0,
        "swap": 0,
        "pgpgin": 22898,
        "pgpgout": 991,
        "pgfault": 24687,
        "pgmajfault": 0,
        "inactive_anon": 89329664,
        "active_anon": 4096,
        "inactive_file": 323584,
        "active_file": 36864,
        "unevictable": 0,
        "hierarchical_memory_limit": 2147483648,
        "hierarchical_memsw_limit": 4294967296,
        "total_cache": 360448,
        "total_rss": 89341952,
        "total_rss_huge": 0,
        "total_shmem": 0,
        "total_mapped_file": 0,
        "total_dirty": 323584,
        "total_writeback": 0,
        "total_swap": 0,
        "total_pgpgin": 22891,
        "total_pgpgout": 991,
        "total_pgfault": 24680,
        "total_pgmajfault": 0,
        "total_inactive_anon": 89329664,
        "total_active_anon": 4096,
        "total_inactive_file": 323584,
        "total_active_file": 36864,
        "total_unevictable": 0
      }
    },
    {
      "container_id": "b1a4c266174b80fe1c17ff6e986928eb2b4a295f5d24a4ee69729b0ad14e928a",
      "container_name": "test2_mixed_mobilenet_resnet_shufflenet_x1_container_2_1766385553787",
      "app_name": "shufflenet",
      "start_time": 1766385554.213,
      "start_duration_ms": 377.46334075927734,
      "pid": 2568732,
      "pss_mb": 154.4453125,
      "p95_latency_ms": 29.64,
      "p99_latency_ms": 33.64,
      "avg_latency_ms": 28.6264,
      "min_latency_ms": 28.37,
      "max_latency_ms": 33.64,