{
  "test_name": "test2_mixed_mobilenet_resnet_x1",
  "num_instances": 2,
  "app_config": [
    "mobilenet",
    "resnet"
  ],
  "timestamp": 1766384854.6272,
  "memory_full": false,
  "containers": [
    {
      "container_id": "00fab3195b8a114dafd37f613066baf93aa43220485192f53398e45cd1200d9b",
      "container_name": "test2_mixed_mobilenet_resnet_x1_container_0_1766384832592",
      "app_name": "mobilenet",
      "start_time": 1766384833.039,
      "start_duration_ms": 401.55935287475586,
      "pid": 2542467,
      "pss_mb": 154.34375,
      "p95_latency_ms": 41.68,
      "p99_latency_ms": 46.35,
      "avg_latency_ms": 38.9865,
      "min_latency_ms": 36.62,
      "max_latency_ms": 46.35,
      "all_latencies_ms": [
        40.41,
        38.08,
        38.01,
        40.58,
        40.79,
        38.08,
        39.3,
        38.57,
        37.95,
        37.52,
        40.74,
        36.67,
        40.76,
        41.68,
        39.54,
        38.21,
        38.35,
        38.92,
        37.1,
        40.34,
        37.31,
        38.79,
        41.24,
        37.62,
        46.35,
        37.89,
        37.54,
        39.17,
        38.88,
        39.23,
        36.77,
        38.01,
        38.38,
        39.51,
        39.21,
        38.31,
        38.2,
        36.71,
        40.88,
        37.53,
        39.34,
        40.6,
        37.19,
        39.2,
        38.35,
        40.69,
        40.79,
        38.02,
        38.2,
        43.17,
        37.85,
        38.19,
        40.23,
        38.31,
        37.15,
        37.58,
        38.56,
        38.15,
        40.22,
        37.23,
        38.45,
        37.76,
        38.91,
        40.6,
        39.12,
        37.39,
        38.88,
        38.09,
        38.12,
        38.65,
        37.92,
        40.65,
        36.9,
        36.85,
        37.63,
        38.12,
        37.46,
        37.34,
        38.95,
        38.44,
        40.17,
        37.94,
        40.25,
        45.52,
        40.97,
        36.62,
        37.62,
        39.12,
        37.93,
        41.05,
        38.54,
        40.67,
        37.93,
        40.89,
        41.2,
        41.82,
        38.23,
        40.81,
        38.45,
        38.54
      ],
      "memory_stat": {
        "cache": 344064,
        "rss": 89939968,
        "rss_huge": 0,
        "shmem": 0,
        "mapped_file": 0,
        "dirty": 323584,
        "writeback": 0,
        "swap": 0,
        "pgpgin": 23030,
        "pgpgout": 988,
        "pgfault": 24825,
        "pgmajfault": 0,
        "inactive_anon": 89899008,
        "active_anon": 4096,
        "inactive_file": 323584,
        "active_file": 20480,
        "unevictable": 0,
        "hierarchical_memory_limit": 2147483648,
        "hierarchical_memsw_limit": 4294967296,
        "total_cache": 344064,
        "total_rss": 89907200,
        "total_rss_huge": 0,
        "total_shmem": 0,
        "total_mapped_file": 0,
        "total_dirty": 323584,
        "total_writeback": 0,
        "total_swap": 0,
        "total_pgpgin": 23022,
        "total_pgpgout": 988,
        "total_pgfault": 24817,
        "total_pgmajfault": 0,
        "total_inactive_anon": 89899008,
        "total_active_anon": 4096,
        "total_inactive_file": 323584,
        "total_active_file": 20480,
        "total_unevictable": 0
      }
    },
    {
      "container_id": "fcad07a2c6a1b75df610d384d8a33c8351077173cd2bc11595cc62e1e6b673f2",
      "container_name": "test2_mixed_mobilenet_resnet_x1_container_1_1766384842347",
      "app_name": "resnet",
      "start_time": 1766384842.789,
      "start_duration_ms": 399.8844623565674,
      "pid": 2542850,
      "pss_mb": 154.36328125,
      "p95_latency_ms": 61.94,
      "p99_latency_ms": 74.23,
      "avg_latency_ms": 61.6432,
      "min_latency_ms": 61.09,
      "max_latency_ms": 74.23,
      "all_latencies_ms": [
        61.44,
        61.49,
        61.39,
        61.48,
        61.3,
        61.44,
        61.17,
        61.33,
        61.43,
        61.31,
        61.49,
        61.23,
        61.74,
        61.79,
        61.4,
        74.23,
        61.44,
        61.16,
        61.16,
        61.32,
        61.39,
        61.75,
        61.81,
        61.56,
        61.26,
        61.37,
        61.61,
        61.09,
        61.64,
        61.34,
        61.46,
        62.31,
        61.27,
        61.33,
        61.23,
        61.32,
        61.28,
        61.3,
        61.4,
        61.33,
        61.86,
        61.37,
        61.3,
        61.11,
        61.73,
        61.45,
        61.11,
        61.38,
        61.2,
        61.39,
        61.27,
        61.28,
        73.66,
        62.67,
        61.34,
        61.19,
        61.16,
        61.27,
        61.31,
        61.17,
        61.84,
        61.39,
        61.3,
        61.2,
        61.23,
        61.25,
        61.39,
        61.25,
        61.23,
        61.18,
        61.2,
        61.16,
        61.18,
        61.94,
        61.47,
        61.54,
        61.44,
        61.88,
        61.57,
        61.24,
        61.79,
        61.29,
        61.19,
        61.42,
        61.16,
        61.16,
        61.38,
        61.81,
        61.25,
        61.17,
        61.21,
        61.2,
        61.32,
        61.68,
        61.38,
        61.21,
        61.21,
        61.15,
        61.32,
        61.13
      ],
      "memory_stat": {
        "cache": 352256,
        "rss": 90161152,
        "rss_huge": 0,
        "shmem": 0,
        "mapped_file": 0,
        "dirty": 323584,
        "writeback": 0,
        "swap": 0,
        "pgpgin": 23000,
        "pgpgout": 901,
        "pgfault": 24761,
        "pgmajfault": 0,
        "inactive_anon": 90120192,
        "active_anon": 4096,
        "inactive_file": 323584,
        "active_file": 28672,
        "unevictable": 0,
        "hierarchical_memory_limit": 2147483648,
        "hierarchical_memsw_limit": 4294967296,
        "total_cache": 352256,
        "total_rss": 90157056,
        "total_rss_huge": 0,
        "total_shmem": 0,
        "total_mapped_file": 0,
        "total_dirty": 323584,
        "total_writeback": 0,
        "total_swap": 0,
        "total_pgpgin": 22998,
        "total_pgpgout": 901,
        "total_pgfault": 24759,
        "total_pgmajfault": 0,
        "total_inactive_anon": 90120192,
        "total_active_anon": 4096,
        "total_inactive_file": 323584,
        "total_active_file": 28672,
        "total_unevictable": 0
      }
    }
  ]
}