{
  "test_name": "test2_mixed_mobilenet_resnet_x2",
  "num_instances": 4,
  "app_config": [
    "mobilenet",
    "resnet",
    "mobilenet",
    "resnet"
  ],
  "timestamp": 1766384990.2951517,
  "memory_full": false,
  "containers": [
    {
      "container_id": "aefe46f15509fb17c060cf6fd341a89eea42a4a94d9ab51e179a05f7c7b5ddf4",
      "container_name": "test2_mixed_mobilenet_resnet_x2_container_0_1766384946214",
      "app_name": "mobilenet",
      "start_time": 1766384946.691,
      "start_duration_ms": 430.0999641418457,
      "pid": 2546596,
      "pss_mb": 152.12109375,
      "p95_latency_ms": 42.95,
      "p99_latency_ms": 46.47,
      "avg_latency_ms": 38.6261,
      "min_latency_ms": 36.45,
      "max_latency_ms": 46.47,
      "all_latencies_ms": [
        39.98,
        38.36,
        37.08,
        38.09,
        37.21,
        37.48,
        39.54,
        38.67,
        38.35,
        38.45,
        37.52,
        38.3,
        39.12,
        38.01,
        38.93,
        37.48,
        37.94,
        38.2,
        38.12,
        38.3,
        37.66,
        38.4,
        38.71,
        37.73,
        46.47,
        43.62,
        41.41,
        38.48,
        37.92,
        38.07,
        37.33,
        37.4,
        38.12,
        37.3,
        37.22,
        38.59,
        37.33,
        38.11,
        41.29,
        36.84,
        40.54,
        37.66,
        38.26,
        37.86,
        37.68,
        37.58,
        37.78,
        37.64,
        38.31,
        38.58,
        39.18,
        41.25,
        38.05,
        39.69,
        37.58,
        42.95,
        38.52,
        36.92,
        39.35,
        37.32,
        38.23,
        39.23,
        40.45,
        37.98,
        37.35,
        37.22,
        38.86,
        38.49,
        38.42,
        37.37,
        37.7,
        38.21,
        37.75,
        37.26,
        38.15,
        37.99,
        44.76,
        43.6,
        40.01,
        37.73,
        37.84,
        38.3,
        39.9,
        39.02,
        36.45,
        38.51,
        38.23,
        40.18,
        37.29,
        39.87,
        38.51,
        38.26,
        39.02,
        37.2,
        38.04,
        37.87,
        38.24,
        38.53,
        38.33,
        40.43
      ],
      "memory_stat": {
        "cache": 344064,
        "rss": 89452544,
        "rss_huge": 0,
        "shmem": 0,
        "mapped_file": 0,
        "dirty": 323584,
        "writeback": 0,
        "swap": 0,
        "pgpgin": 22916,
        "pgpgout": 993,
        "pgfault": 24704,
        "pgmajfault": 0,
        "inactive_anon": 89411584,
        "active_anon": 4096,
        "inactive_file": 323584,
        "active_file": 20480,
        "unevictable": 0,
        "hierarchical_memory_limit": 2147483648,
        "hierarchical_memsw_limit": 4294967296,
        "total_cache": 344064,
        "total_rss": 89419776,
        "total_rss_huge": 0,
        "total_shmem": 0,
        "total_mapped_file": 0,
        "total_dirty": 323584,
        "total_writeback": 0,
        "total_swap": 0,
        "total_pgpgin": 22908,
        "total_pgpgout": 993,
        "total_pgfault": 24696,
        "total_pgmajfault": 0,
        "total_inactive_anon": 89411584,
        "total_active_anon": 4096,
        "total_inactive_file": 323584,
        "total_active_file": 20480,
        "total_unevictable": 0
      }
    },
    {
      "container_id": "8e3dcde94fc651cb1b5f221cf4aa06dbe834a695e6b65e9dfd348c1fdc55cf8a",
      "container_name": "test2_mixed_mobilenet_resnet_x2_container_1_1766384955964",
      "app_name": "resnet",
      "start_time": 1766384956.419,
      "start_duration_ms": 408.3833694458008,
      "pid": 2546983,
      "pss_mb": 136.3984375,
      "p95_latency_ms": 63.03,
      "p99_latency_ms": 75.06,
      "avg_latency_ms": 61.8234,
      "min_latency_ms": 61.08,
      "max_latency_ms": 75.06,
      "all_latencies_ms": [
        61.49,
        61.9,
        61.32,
        61.71,
        61.51,
        61.43,
        61.41,
        61.37,
        61.4,
        61.65,
        61.41,
        61.24,
        61.4,
        61.35,
        61.77,
        75.06,
        61.42,
        61.84,
        61.24,
        61.47,
        61.4,
        61.28,
        61.29,
        61.52,
        61.46,
        61.41,
        61.24,
        61.4,
        61.26,
        61.08,
        61.76,
        62.48,
        61.46,
        61.55,
        61.32,
        61.45,
        61.41,
        61.22,
        61.58,
        61.52,
        61.49,
        61.37,
        61.37,
        61.45,
        61.51,
        61.59,
        61.88,
        61.88,
        61.42,
        61.22,
        61.29,
        61.36,
        74.08,
        63.03,
        61.61,
        61.39,
        61.26,
        61.39,
        61.21,
        61.45,
        61.31,
        61.41,
        61.97,
        61.51,
        66.5,
        65.29,
        61.38,
        61.5,
        61.46,
        61.36,
        61.46,
        61.5,
        61.48,
        62.19,
        61.49,
        61.22,
        61.24,
        61.25,
        61.41,
        62.33,
        61.34,
        61.16,
        61.4,
        61.41,
        61.4,
        61.47,
        61.55,
        61.28,
        61.36,
        61.24,
        61.3,
        61.49,
        61.17,
        61.22,
        61.23,
        61.9,
        61.37,
        61.41,
        61.31,
        61.34
      ],
      "memory_stat": {
        "cache": 266240,
        "rss": 80609280,
        "rss_huge": 0,
        "shmem": 0,
        "mapped_file": 0,
        "dirty": 208896,
        "writeback": 0,
        "swap": 0,
        "pgpgin": 20735,
        "pgpgout": 990,
        "pgfault": 22439,
        "pgmajfault": 0,
        "inactive_anon": 80605184,
        "active_anon": 4096,
        "inactive_file": 221184,
        "active_file": 20480,
        "unevictable": 0,
        "hierarchical_memory_limit": 2147483648,
        "hierarchical_memsw_limit": 4294967296,
        "total_cache": 253952,
        "total_rss": 80609280,
        "total_rss_huge": 0,
        "total_shmem": 0,
        "total_mapped_file": 0,
        "total_dirty": 196608,
        "total_writeback": 0,
        "total_swap": 0,
        "total_pgpgin": 20732,
        "total_pgpgout": 990,
        "total_pgfault": 22439,
        "total_pgmajfault": 0,
        "total_inactive_anon": 80605184,
        "total_active_anon": 4096,
        "total_inactive_file": 221184,
        "total_active_file": 20480,
        "total_unevictable": 0
      }
    },
    {
      "container_id": "2a2e8e36ca31e43c3c979052aee858c4c65f01cd8a9bea0daf865e66b1fdd49b",
      "container_name": "test2_mixed_mobilenet_resnet_x2_container_2_1766384968259",
      "app_name": "mobilenet",
      "start_time": 1766384968.722,
      "start_duration_ms": 409.43241119384766,
      "pid": 2547404,
      "pss_mb": 152.75390625,
      "p95_latency_ms": 41.59,
      "p99_latency_ms": 47.84,
      "avg_latency_ms": 38.7473,
      "min_latency_ms": 36.53,
      "max_latency_ms": 47.84,