{
  "test_name": "test2_mixed_mobilenet_resnet_shufflenet_x2",
  "num_instances": 6,
  "app_config": [
    "mobilenet",
    "resnet",
    "shufflenet",
    "mobilenet",
    "resnet",
    "shufflenet"
  ],
  "timestamp": 1766385750.2264597,
  "memory_full": false,
  "containers": [
    {
      "container_id": "b490070876fdbe388973d1d3b847120b98b8cda4f21b5308095c10f264be10a2",
      "container_name": "test2_mixed_mobilenet_resnet_shufflenet_x2_container_0_1766385688628",
      "app_name": "mobilenet",
      "start_time": 1766385689.076,
      "start_duration_ms": 402.9366970062256,
      "pid": 2573819,
      "pss_mb": 154.48046875,
      "p95_latency_ms": 44.33,
      "p99_latency_ms": 47.7,
      "avg_latency_ms": 38.8907,
      "min_latency_ms": 35.71,
      "max_latency_ms": 47.7,
      "all_latencies_ms": [
        38.89,
        41.07,
        38.58,
        37.31,
        37.05,
        36.94,
        37.93,
        36.36,
        36.88,
        36.32,
        41.89,
        35.71,
        37.69,
        37.76,
        37.27,
        41.73,
        37.91,
        36.27,
        38.71,
        47.7,
        40.73,
        39.3,
        38.23,
        37.48,
        44.33,
        37.43,
        38.08,
        37.22,
        38.83,
        41.16,
        38.57,
        39.64,
        38.85,
        36.2,
        37.01,
        37.53,
        40.27,
        40.53,
        40.71,
        39.15,
        42.51,
        36.81,
        44.78,
        38.13,
        37.16,
        41.68,
        37.5,
        37.08,
        36.83,
        38.31,
        43.36,
        37.33,
        37.1,
        37.43,
        37.07,
        38.4,
        38.04,
        38.04,
        37.72,
        36.31,
        39.61,
        36.25,
        37.05,
        36.95,
        41.65,
        37.99,
        36.26,
        41.58,
        42.47,
        38.17,
        39.59,
        38.13,
        41.38,
        36.35,
        38.64,
        36.73,
        41.99,
        40.9,
        41.92,
        41.27,
        36.79,
        40.8,
        36.26,
        46.84,
        43.51,
        37.08,
        46.62,
        37.99,
        37.3,
        36.55,
        38.2,
        37.73,
        40.1,
        37.34,
        37.85,
        36.83,
        38.9,
        38.03,
        36.73,
        39.93
      ],
      "memory_stat": {
        "cache": 327680,
        "rss": 90378240,
        "rss_huge": 0,
        "shmem": 0,
        "mapped_file": 0,
        "dirty": 323584,
        "writeback": 0,
        "swap": 0,
        "pgpgin": 23051,
        "pgpgout": 906,
        "pgfault": 24814,
        "pgmajfault": 0,
        "inactive_anon": 90337280,
        "active_anon": 4096,
        "inactive_file": 323584,
        "active_file": 4096,
        "unevictable": 0,
        "hierarchical_memory_limit": 2147483648,
        "hierarchical_memsw_limit": 4294967296,
        "total_cache": 327680,
        "total_rss": 90365952,
        "total_rss_huge": 0,
        "total_shmem": 0,
        "total_mapped_file": 0,
        "total_dirty": 323584,
        "total_writeback": 0,
        "total_swap": 0,
        "total_pgpgin": 23048,
        "total_pgpgout": 906,
        "total_pgfault": 24811,
        "total_pgmajfault": 0,
        "total_inactive_anon": 90337280,
        "total_active_anon": 4096,
        "total_inactive_file": 323584,
        "total_active_file": 4096,
        "total_unevictable": 0
      }
    },
    {
      "container_id": "829cebe9c73e9103c9e3b441df81008d35b5b3c77dd5aa14ebb64d21f6df52f9",
      "container_name": "test2_mixed_mobilenet_resnet_shufflenet_x2_container_1_1766385698808",
      "app_name": "resnet",
      "start_time": 1766385699.316,
      "start_duration_ms": 460.9956741333008,
      "pid": 2574213,
      "pss_mb": 151.3671875,
      "p95_latency_ms": 62.3,
      "p99_latency_ms": 74.77,
      "avg_latency_ms": 61.7785,
      "min_latency_ms": 61.18,
      "max_latency_ms": 74.77,
      "all_latencies_ms": [
        61.63,
        61.46,
        61.43,
        62.07,
        61.81,
        61.84,
        61.53,
        61.54,
        61.57,
        61.38,
        61.56,
        61.43,
        61.46,
        61.43,
        64.31,
        71.86,
        61.46,
        62.36,
        61.31,
        61.81,
        61.46,
        61.48,
        61.53,
        61.6,
        61.42,
        61.48,
        61.41,
        61.52,
        61.57,
        61.4,
        61.38,
        62.3,
        61.36,
        61.48,
        61.41,
        61.93,
        61.67,
        61.51,
        61.4,
        61.4,
        61.44,
        61.25,
        61.42,
        61.47,
        61.35,
        61.41,
        61.39,
        61.27,
        61.39,
        61.46,
        61.42,
        61.52,
        74.77,
        62.25,
        61.42,
        61.5,
        61.22,
        61.36,
        61.56,
        61.18,
        61.29,
        61.42,
        61.41,
        61.38,
        61.47,
        61.35,
        61.52,
        61.51,
        62.11,
        61.85,
        61.38,
        61.33,
        61.29,
        62.19,
        61.56,
        61.39,
        61.46,
        61.48,
        61.6,
        61.27,
        61.31,
        61.21,
        61.48,
        61.42,
        62.07,
        61.69,
        61.31,
        61.32,
        61.33,
        61.62,
        61.54,
        61.42,
        61.64,
        61.61,
        61.51,
        61.4,
        61.55,
        61.45,
        61.24,
        61.46
      ],
      "memory_stat": {
        "cache": 360448,
        "rss": 89567232,
        "rss_huge": 0,
        "shmem": 0,
        "mapped_file": 0,
        "dirty": 323584,
        "writeback": 0,
        "swap": 0,
        "pgpgin": 22857,
        "pgpgout": 901,
        "pgfault": 24619,
        "pgmajfault": 0,
        "inactive_anon": 89485312,
        "active_anon": 4096,
        "inactive_file": 323584,
        "active_file": 36864,
        "unevictable": 0,
        "hierarchical_memory_limit": 2147483648,
        "hierarchical_memsw_limit": 4294967296,
        "total_cache": 360448,
        "total_rss": 89444352,
        "total_rss_huge": 0,
        "total_shmem": 0,
        "total_mapped_file": 0,
        "total_dirty": 323584,
        "total_writeback": 0,
        "total_swap": 0,
        "total_pgpgin": 22826,
        "total_pgpgout": 901,
        "total_pgfault": 24587,
        "total_pgmajfault": 0,
        "total_inactive_anon": 89362432,
        "total_active_anon": 4096,
        "total_inactive_file": 323584,
        "total_active_file": 36864,
        "total_unevictable": 0
      }
    },
    {
      "container_id": "bae725daa4527057df34d98ca489c9e251d37dd936f743c60da292f6f99bafe6",
      "container_name": "test2_mixed_mobilenet_resnet_shufflenet_x2_container_2_1766385711139",
      "app_name": "shufflenet",
      "start_time": 1766385711.585,
      "start_duration_ms": 399.37543869018555,
      "pid": 2574633,
      "pss_mb": 154.32421875,
      "p95_latency_ms": 29.44,
      "p99_latency_ms": 33.13,
      "avg_latency_ms": 28.5442,
      "min_latency_ms": 28.27,
      "max_latency_ms": 33.13,