{
  "test_name": "test1_mobilenet_n1",
  "num_instances": 1,
  "app_config": [
    "mobilenet"
  ],
  "timestamp": 1766405684.795452,
  "memory_full": false,
  "containers": [
    {
      "container_id": "4c3875651664642e8c82670e168e8293feae83479e0d5649a5f0ceda7339bc2c",
      "container_name": "test1_mobilenet_n1_container_0_1766405675525",
      "app_name": "mobilenet",
      "start_time": 1766405676.039,
      "start_duration_ms": 468.93954277038574,
      "init_ms": 513.1993293762207,
      "import_ms": 4121.0,
      "load_ms": 261.0,
      "warmup_ms": 58.0,
      "pid": 2656699,
      "pss_mb": 153.17578125,
      "p95_latency_ms": 42.77,
      "p99_latency_ms": 123.95,
      "avg_latency_ms": 29.731,
      "min_latency_ms": 24.24,
      "max_latency_ms": 123.95,
      "all_latencies_ms": [
        25.74,
        27.72,
        28.63,
        25.82,
        25.99,
        28.29,
        26.82,
        26.23,
        25.58,
        26.84,
        27.8,
        26.59,
        37.97,
        29.03,
        32.16,
        31.71,
        26.35,
        27.07,
        32.7,
        36.08,
        25.59,
        26.99,
        30.52,
        26.48,
        26.16,
        26.12,
        26.63,
        26.05,
        26.8,
        26.95,
        28.79,
        28.39,
        26.1,
        42.09,
        27.82,
        30.25,
        25.82,
        42.77,
        32.83,
        30.7,
        35.39,
        32.78,
        38.26,
        25.7,
        27.25,
        28.72,
        26.12,
        26.7,
        24.82,
        24.69,
        24.97,
        26.34,
        28.09,
        26.08,
        28.62,
        25.94,
        27.25,
        25.84,
        24.26,
        24.49,
        25.37,
        43.64,
        26.93,
        27.05,
        25.88,
        64.85,
        43.27,
        123.95,
        24.34,
        28.97,
        25.18,
        26.18,
        25.31,
        26.31,
        29.76,
        26.14,
        26.17,
        24.24,
        24.42,
        27.1,
        38.85,
        33.39,
        25.9,
        24.68,
        25.38,
        30.53,
        38.54,
        25.01,
        28.37,
        24.89,
        25.03,
        26.14,
        28.79,
        24.78,
        28.27,
        25.58,
        28.45,
        28.56,
        30.25,
        25.37
      ],
      "memory_stat": {
        "cache": 323584,
        "rss": 90005504,
        "rss_huge": 0,
        "shmem": 0,
        "mapped_file": 0,
        "dirty": 323584,
        "writeback": 0,
        "swap": 0,
        "pgpgin": 22966,
        "pgpgout": 913,
        "pgfault": 24735,
        "pgmajfault": 0,
        "inactive_anon": 89968640,
        "active_anon": 4096,
        "inactive_file": 323584,
        "active_file": 0,
        "unevictable": 0,
        "hierarchical_memory_limit": 9223372036854771712,
        "hierarchical_memsw_limit": 9223372036854771712,
        "total_cache": 323584,
        "total_rss": 90005504,
        "total_rss_huge": 0,
        "total_shmem": 0,
        "total_mapped_file": 0,
        "total_dirty": 323584,
        "total_writeback": 0,
        "total_swap": 0,
        "total_pgpgin": 22966,
        "total_pgpgout": 913,
        "total_pgfault": 24735,
        "total_pgmajfault": 0,
        "total_inactive_anon": 89968640,
        "total_active_anon": 4096,
        "total_inactive_file": 323584,
        "total_active_file": 0,
        "total_unevictable": 0
      }
    }
  ]
}