{
  "test_name": "test1_mobilenet_n2",
  "num_instances": 2,
  "app_config": [
    "mobilenet",
    "mobilenet"
  ],
  "timestamp": 1766405798.0793085,
  "memory_full": false,
  "containers": [
    {
      "container_id": "95addf2a4d26a03a28ec7f06f0102281fefa96d255ffa3e3f11e483c80e7e7c2",
      "container_name": "test1_mobilenet_n2_container_0_1766405779812",
      "app_name": "mobilenet",
      "start_time": 1766405780.308,
      "start_duration_ms": 449.71489906311035,
      "init_ms": 495.67580223083496,
      "import_ms": 4144.0,
      "load_ms": 257.0,
      "warmup_ms": 56.0,
      "pid": 2659332,
      "pss_mb": 151.86328125,
      "p95_latency_ms": 46.99,
      "p99_latency_ms": 108.65,
      "avg_latency_ms": 30.3915,
      "min_latency_ms": 24.52,
      "max_latency_ms": 108.65,
      "all_latencies_ms": [
        25.05,
        25.71,
        25.35,
        27.35,
        24.8,
        26.8,
        25.37,
        26.37,
        28.53,
        26.56,
        30.51,
        32.78,
        36.04,
        32.14,
        31.76,
        26.17,
        26.54,
        25.74,
        39.34,
        28.64,
        27.68,
        25.22,
        31.94,
        26.37,
        61.22,
        26.46,
        24.97,
        27.88,
        26.11,
        25.62,
        30.38,
        27.15,
        44.84,
        28.03,
        24.75,
        79.22,
        25.2,
        38.66,
        26.77,
        27.85,
        26.21,
        26.14,
        24.82,
        25.08,
        34.97,
        30.31,
        25.61,
        26.39,
        26.07,
        24.53,
        25.93,
        26.7,
        25.02,
        35.25,
        30.98,
        27.84,
        28.46,
        25.85,
        26.88,
        25.44,
        36.39,
        27.91,
        26.35,
        25.08,
        26.17,
        28.81,
        27.29,
        26.02,
        25.02,
        25.66,
        28.36,
        27.45,
        25.61,
        26.33,
        25.25,
        30.02,
        25.8,
        25.06,
        25.67,
        46.99,
        32.39,
        25.42,
        24.91,
        27.71,
        35.12,
        26.12,
        82.2,
        108.65,
        27.68,
        25.74,
        26.18,
        25.46,
        25.44,
        26.26,
        24.52,
        29.62,
        25.27,
        30.77,
        41.6,
        30.5
      ],
      "memory_stat": {
        "cache": 323584,
        "rss": 89174016,
        "rss_huge": 0,
        "shmem": 0,
        "mapped_file": 0,
        "dirty": 323584,
        "writeback": 0,
        "swap": 0,
        "pgpgin": 22838,
        "pgpgout": 988,
        "pgfault": 24617,
        "pgmajfault": 0,
        "inactive_anon": 89112576,
        "active_anon": 4096,
        "inactive_file": 323584,
        "active_file": 0,
        "unevictable": 0,
        "hierarchical_memory_limit": 9223372036854771712,
        "hierarchical_memsw_limit": 9223372036854771712,
        "total_cache": 323584,
        "total_rss": 89174016,
        "total_rss_huge": 0,
        "total_shmem": 0,
        "total_mapped_file": 0,
        "total_dirty": 323584,
        "total_writeback": 0,
        "total_swap": 0,
        "total_pgpgin": 22838,
        "total_pgpgout": 988,
        "total_pgfault": 24617,
        "total_pgmajfault": 0,
        "total_inactive_anon": 89112576,
        "total_active_anon": 4096,
        "total_inactive_file": 323584,
        "total_active_file": 0,
        "total_unevictable": 0
      }
    },
    {
      "container_id": "a0c29fd63869d1f9ec392cc33a869192c4035a04eb437e7aab19bd0405d812ae",
      "container_name": "test1_mobilenet_n2_container_1_1766405788983",
      "app_name": "mobilenet",
      "start_time": 1766405789.451,
      "start_duration_ms": 422.4705696105957,
      "init_ms": 467.2737121582031,
      "import_ms": 4140.0,
      "load_ms": 244.0,
      "warmup_ms": 173.0,
      "pid": 2659697,
      "pss_mb": 153.0859375,
      "p95_latency_ms": 35.21,
      "p99_latency_ms": 62.77,
      "avg_latency_ms": 27.6701,
      "min_latency_ms": 23.54,
      "max_latency_ms": 62.77,
      "all_latencies_ms": [
        25.86,
        25.73,
        26.13,
        34.45,
        28.65,
        26.82,
        26.0,
        24.13,
        35.21,
        30.46,
        29.3,
        25.89,
        24.1,
        24.35,
        28.41,
        32.29,
        27.04,
        25.15,
        27.57,
        27.95,
        28.0,
        24.72,
        24.65,
        27.2,
        23.54,
        29.99,
        27.66,
        24.42,
        24.52,
        24.66,
        38.97,
        31.13,
        26.16,
        28.24,
        62.77,
        24.88,
        25.4,
        32.2,
        25.54,
        26.62,
        25.27,
        26.56,
        24.05,
        31.88,
        25.29,
        24.48,
        24.57,
        26.81,
        25.7,
        27.81,
        25.43,
        28.66,
        25.71,
        37.43,
        32.11,
        29.7,
        25.78,
        24.37,
        31.96,
        30.61,
        27.97,
        37.26,
        23.98,
        25.43,
        26.29,
        26.57,
        25.14,
        26.04,
        29.34,
        29.07,
        28.2,
        24.29,
        26.22,
        26.15,
        25.22,
        31.88,
        24.3,
        34.37,
        31.5,
        25.97,
        27.3,
        24.8,
        24.89,
        30.99,
        28.16,
        24.22,
        26.7,
        25.43,
        27.36,
        26.51,
        24.33,
        26.71,
        24.31,
        26.27,
        23.9,
        27.42,
        25.83,
        25.49,
        23.71,
        26.55
      ],
      "memory_stat": {
        "cache": 323584,
        "rss": 89571328,
        "rss_huge": 0,
        "shmem": 0,
        "mapped_file": 0,
        "dirty": 323584,
        "writeback": 0,
        "swap": 0,
        "pgpgin": 22950,
        "pgpgout": 1002,
        "pgfault": 24760,
        "pgmajfault": 0,
        "inactive_anon": 89538560,
        "active_anon": 4096,
        "inactive_file": 323584,
        "active_file": 0,
        "unevictable": 0,
        "hierarchical_memory_limit": 9223372036854771712,
        "hierarchical_memsw_limit": 9223372036854771712,
        "total_cache": 323584,
        "total_rss": 89571328,
        "total_rss_huge": 0,
        "total_shmem": 0,
        "total_mapped_file": 0,
        "total_dirty": 323584,
        "total_writeback": 0,
        "total_swap": 0,
        "total_pgpgin": 22949,
        "total_pgpgout": 1002,
        "total_pgfault": 24759,
        "total_pgmajfault": 0,
        "total_inactive_anon": 89538560,
        "total_active_anon": 4096,
        "total_inactive_file": 323584,
        "total_active_file": 0,
        "total_unevictable": 0
      }
    }
  ]
}