{
  "test_name": "test2_mixed_mobilenet_resnet_x2",
  "num_instances": 4,
  "app_config": [
    "mobilenet",
    "resnet",
    "mobilenet",
    "resnet"
  ],
  "timestamp": 1766407138.611898,
  "memory_full": false,
  "containers": [
    {
      "container_id": "ea5bb62a6bc3572b1ce9adcfba8af412b3f36ada9970cdf7690f181b70192b89",
      "container_name": "test2_mixed_mobilenet_resnet_x2_container_0_1766407104134",
      "app_name": "mobilenet",
      "start_time": 1766407104.603,
      "start_duration_ms": 410.1378917694092,
      "init_ms": 468.63317489624023,
      "import_ms": 4141.0,
      "load_ms": 248.0,
      "warmup_ms": 50.0,
      "pid": 2712931,
      "pss_mb": 150.73828125,
      "p95_latency_ms": 42.37,
      "p99_latency_ms": 154.24,
      "avg_latency_ms": 31.3557,
      "min_latency_ms": 25.24,
      "max_latency_ms": 154.24,
      "all_latencies_ms": [
        28.61,
        29.42,
        30.46,
        27.16,
        27.88,
        28.31,
        28.12,
        28.2,
        28.29,
        26.33,
        27.14,
        28.99,
        42.86,
        31.25,
        28.37,
        32.21,
        36.68,
        32.09,
        28.78,
        28.5,
        28.24,
        28.14,
        28.69,
        29.74,
        27.29,
        27.94,
        27.77,
        28.09,
        28.83,
        28.85,
        27.59,
        27.98,
        42.37,
        28.43,
        41.19,
        29.41,
        29.93,
        27.88,
        25.6,
        26.28,
        29.12,
        32.65,
        32.59,
        27.28,
        29.63,
        29.92,
        27.73,
        28.19,
        28.02,
        28.68,
        27.36,
        30.19,
        28.49,
        27.92,
        27.89,
        26.9,
        27.73,
        27.62,
        26.97,
        37.93,
        78.61,
        27.78,
        29.28,
        28.51,
        63.83,
        28.27,
        26.43,
        26.44,
        27.3,
        25.24,
        26.5,
        26.48,
        26.04,
        26.83,
        29.15,
        28.41,
        27.62,
        36.55,
        33.37,
        30.47,
        29.51,
        27.99,
        29.9,
        34.0,
        27.67,
        27.73,
        27.54,
        28.39,
        26.89,
        154.24,
        27.72,
        27.41,
        28.39,
        28.39,
        33.36,
        25.28,
        33.3,
        34.05,
        30.63,
        27.37
      ],
      "memory_stat": {
        "cache": 253952,
        "rss": 86016000,
        "rss_huge": 0,
        "shmem": 0,
        "mapped_file": 0,
        "dirty": 253952,
        "writeback": 0,
        "swap": 0,
        "pgpgin": 22063,
        "pgpgout": 1001,
        "pgfault": 23874,
        "pgmajfault": 0,
        "inactive_anon": 85987328,
        "active_anon": 4096,
        "inactive_file": 253952,
        "active_file": 0,
        "unevictable": 0,
        "hierarchical_memory_limit": 9223372036854771712,
        "hierarchical_memsw_limit": 9223372036854771712,
        "total_cache": 253952,
        "total_rss": 85991424,
        "total_rss_huge": 0,
        "total_shmem": 0,
        "total_mapped_file": 0,
        "total_dirty": 253952,
        "total_writeback": 0,
        "total_swap": 0,
        "total_pgpgin": 22057,
        "total_pgpgout": 1001,
        "total_pgfault": 23868,
        "total_pgmajfault": 0,
        "total_inactive_anon": 85987328,
        "total_active_anon": 4096,
        "total_inactive_file": 253952,
        "total_active_file": 0,
        "total_unevictable": 0
      }
    },
    {
      "container_id": "39b04da54d06eaa23198a1ce2b9241baabe344fe7b03a54f53117818406f4c9b",
      "container_name": "test2_mixed_mobilenet_resnet_x2_container_1_1766407113361",
      "app_name": "resnet",
      "start_time": 1766407113.81,
      "start_duration_ms": 404.30331230163574,
      "init_ms": 448.7738609313965,
      "import_ms": 4104.0,
      "load_ms": 303.0,
      "warmup_ms": 123.0,
      "pid": 2713290,
      "pss_mb": 154.06640625,
      "p95_latency_ms": 27.48,
      "p99_latency_ms": 84.4,
      "avg_latency_ms": 19.5517,
      "min_latency_ms": 16.38,
      "max_latency_ms": 84.4,
      "all_latencies_ms": [
        84.4,
        17.71,
        17.64,
        18.31,
        17.28,
        17.45,
        19.17,
        18.21,
        17.92,
        26.37,
        22.79,
        19.6,
        20.4,
        17.9,
        18.77,
        18.0,
        18.21,
        20.26,
        21.66,
        21.19,
        17.57,
        17.52,
        22.18,
        17.53,
        18.77,
        20.22,
        17.5,
        17.16,
        20.47,
        18.28,
        17.52,
        17.74,
        22.49,
        18.98,
        17.57,
        18.55,
        18.96,
        18.19,
        17.44,
        17.21,
        17.24,
        17.21,
        17.07,
        18.97,
        32.01,
        27.48,
        26.26,
        18.93,
        19.64,
        18.41,
        19.88,
        17.55,
        16.64,
        16.73,
        21.24,
        36.53,
        17.89,
        16.77,
        16.94,
        16.7,
        18.91,
        16.65,
        16.75,
        16.59,
        16.6,
        16.78,
        16.4,
        16.89,
        18.17,
        16.7,
        17.2,
        16.99,
        16.95,
        17.05,
        16.63,
        16.89,
        16.77,
        16.77,
        16.72,
        17.3,
        17.1,
        16.75,
        17.2,
        17.76,
        55.94,
        16.74,
        16.97,
        16.73,
        16.95,
        17.16,
        16.94,
        16.51,
        16.56,
        16.95,
        16.67,
        16.59,
        16.38,
        17.46,
        18.43,
        18.49
      ],
      "memory_stat": {
        "cache": 323584,
        "rss": 90038272,
        "rss_huge": 0,
        "shmem": 0,
        "mapped_file": 0,
        "dirty": 323584,
        "writeback": 0,
        "swap": 0,
        "pgpgin": 22970,
        "pgpgout": 909,
        "pgfault": 24738,
        "pgmajfault": 0,
        "inactive_anon": 90001408,
        "active_anon": 4096,
        "inactive_file": 323584,
        "active_file": 0,
        "unevictable": 0,
        "hierarchical_memory_limit": 9223372036854771712,
        "hierarchical_memsw_limit": 9223372036854771712,
        "total_cache": 323584,
        "total_rss": 90038272,
        "total_rss_huge": 0,
        "total_shmem": 0,
        "total_mapped_file": 0,
        "total_dirty": 323584,
        "total_writeback": 0,
        "total_swap": 0,
        "total_pgpgin": 22970,
        "total_pgpgout": 909,
        "total_pgfault": 24738,
        "total_pgmajfault": 0,
        "total_inactive_anon": 90001408,
        "total_active_anon": 4096,
        "total_inactive_file": 323584,
        "total_active_file": 0,
        "total_unevictable": 0
      }
    },
    {
      "container_id": "aa450e11f326a3bdddcbac27193c549cef19ee8594638ae6b39591fb7b32f557",
      "container_name": "test2_mixed_mobilenet_resnet_x2_container_2_1766407121385",
      "app_name": "mobilenet",
      "start_time": 1766407121.853,
      "start_duration_ms": 420.3925132751465,
      "init_ms": 467.93556213378906,
      "import_ms": 4266.0,
      "load_ms": 264.0,
      "warmup_ms": 54.0,
      "pid": 2713631,
      "pss_mb": 152.1796875,
      "p95_latency_ms": 42.81,
      "p99_latency_ms": 146.11,
      "avg_latency_ms": 30.2549,
      "min_latency_ms": 24.25,
      "max_latency_ms": 146.11,