{
  "test_name": "test1_mobilenet_n1",
  "num_instances": 1,
  "app_config": [
    "mobilenet"
  ],
  "timestamp": 1766405759.3853455,
  "memory_full": false,
  "containers": [
    {
      "container_id": "9e9e588d7a8390d832d6577174f558a07c6c1e63cdd22adc9491cec50c99acb3",
      "container_name": "test1_mobilenet_n1_container_0_1766405750344",
      "app_name": "mobilenet",
      "start_time": 1766405750.824,
      "start_duration_ms": 425.4751205444336,
      "init_ms": 479.4032573699951,
      "import_ms": 4181.0,
      "load_ms": 242.0,
      "warmup_ms": 53.0,
      "pid": 2658163,
      "pss_mb": 151.8671875,
      "p95_latency_ms": 41.02,
      "p99_latency_ms": 152.91,
      "avg_latency_ms": 29.0172,
      "min_latency_ms": 23.38,
      "max_latency_ms": 152.91,
      "all_latencies_ms": [
        26.6,
        25.98,
        25.97,
        25.83,
        27.22,
        27.09,
        25.69,
        27.01,
        25.97,
        28.16,
        26.2,
        26.42,
        40.86,
        30.47,
        26.17,
        26.18,
        26.77,
        30.5,
        30.9,
        25.37,
        27.33,
        26.02,
        25.94,
        35.12,
        29.03,
        29.84,
        27.12,
        26.13,
        26.07,
        28.29,
        26.91,
        26.06,
        27.27,
        25.43,
        44.39,
        35.46,
        32.51,
        27.38,
        25.95,
        26.25,
        31.78,
        32.43,
        25.9,
        25.45,
        26.36,
        25.15,
        27.01,
        27.54,
        25.61,
        27.04,
        25.6,
        26.74,
        24.99,
        26.47,
        25.32,
        28.68,
        25.38,
        27.44,
        28.94,
        26.29,
        41.02,
        28.13,
        51.05,
        24.41,
        25.42,
        23.82,
        25.33,
        23.38,
        24.42,
        24.56,
        24.3,
        25.23,
        24.15,
        24.42,
        24.0,
        24.27,
        23.86,
        24.17,
        26.8,
        23.71,
        25.25,
        23.84,
        24.69,
        62.53,
        24.53,
        25.43,
        24.02,
        25.29,
        26.93,
        26.22,
        152.91,
        29.98,
        27.68,
        25.8,
        23.98,
        26.26,
        23.91,
        24.69,
        39.52,
        27.83
      ],
      "memory_stat": {
        "cache": 323584,
        "rss": 89550848,
        "rss_huge": 0,
        "shmem": 0,
        "mapped_file": 0,
        "dirty": 323584,
        "writeback": 0,
        "swap": 0,
        "pgpgin": 22862,
        "pgpgout": 920,
        "pgfault": 24631,
        "pgmajfault": 0,
        "inactive_anon": 89534464,
        "active_anon": 4096,
        "inactive_file": 323584,
        "active_file": 0,
        "unevictable": 0,
        "hierarchical_memory_limit": 9223372036854771712,
        "hierarchical_memsw_limit": 9223372036854771712,
        "total_cache": 323584,
        "total_rss": 89546752,
        "total_rss_huge": 0,
        "total_shmem": 0,
        "total_mapped_file": 0,
        "total_dirty": 323584,
        "total_writeback": 0,
        "total_swap": 0,
        "total_pgpgin": 22861,
        "total_pgpgout": 920,
        "total_pgfault": 24630,
        "total_pgmajfault": 0,
        "total_inactive_anon": 89534464,
        "total_active_anon": 4096,
        "total_inactive_file": 323584,
        "total_active_file": 0,
        "total_unevictable": 0
      }
    }
  ]
}