{
  "test_name": "test2_mixed_mobilenet_resnet_x1",
  "num_instances": 2,
  "app_config": [
    "mobilenet",
    "resnet"
  ],
  "timestamp": 1766407067.3070614,
  "memory_full": false,
  "containers": [
    {
      "container_id": "b09dda5b72e8d39d2c1fc6e6cd21987a5e94f006ecd3f167e526d4886f1e2e09",
      "container_name": "test2_mixed_mobilenet_resnet_x1_container_0_1766407050119",
      "app_name": "mobilenet",
      "start_time": 1766407050.588,
      "start_duration_ms": 424.4568347930908,
      "init_ms": 468.86658668518066,
      "import_ms": 4061.0,
      "load_ms": 357.0,
      "warmup_ms": 50.0,
      "pid": 2710716,
      "pss_mb": 152.73828125,
      "p95_latency_ms": 37.7,
      "p99_latency_ms": 43.76,
      "avg_latency_ms": 27.0167,
      "min_latency_ms": 23.72,
      "max_latency_ms": 43.76,
      "all_latencies_ms": [
        29.2,
        27.48,
        25.47,
        24.27,
        24.55,
        25.31,
        25.32,
        25.43,
        24.68,
        26.08,
        26.35,
        25.55,
        42.76,
        24.84,
        32.2,
        26.57,
        25.11,
        31.32,
        30.63,
        24.92,
        26.27,
        26.85,
        25.41,
        24.93,
        25.73,
        24.43,
        25.23,
        24.69,
        25.77,
        26.29,
        26.65,
        43.76,
        26.39,
        28.35,
        27.78,
        25.87,
        23.89,
        39.86,
        33.15,
        24.02,
        25.39,
        26.02,
        25.25,
        30.24,
        27.95,
        24.25,
        26.75,
        25.88,
        27.63,
        24.5,
        23.9,
        26.9,
        25.74,
        26.76,
        25.28,
        28.79,
        23.72,
        25.06,
        23.94,
        24.89,
        23.87,
        24.29,
        25.21,
        23.77,
        41.03,
        28.15,
        25.22,
        24.7,
        24.26,
        36.45,
        27.47,
        25.25,
        25.48,
        24.88,
        25.78,
        37.7,
        24.61,
        24.62,
        24.03,
        27.71,
        24.26,
        24.81,
        25.59,
        25.86,
        24.1,
        25.26,
        24.79,
        25.41,
        34.89,
        33.61,
        23.74,
        28.53,
        25.28,
        25.55,
        24.15,
        32.4,
        30.14,
        24.18,
        24.59,
        27.85
      ],
      "memory_stat": {
        "cache": 323584,
        "rss": 89858048,
        "rss_huge": 0,
        "shmem": 0,
        "mapped_file": 0,
        "dirty": 323584,
        "writeback": 0,
        "swap": 0,
        "pgpgin": 23015,
        "pgpgout": 998,
        "pgfault": 24782,
        "pgmajfault": 0,
        "inactive_anon": 89853952,
        "active_anon": 4096,
        "inactive_file": 323584,
        "active_file": 0,
        "unevictable": 0,
        "hierarchical_memory_limit": 9223372036854771712,
        "hierarchical_memsw_limit": 9223372036854771712,
        "total_cache": 323584,
        "total_rss": 89858048,
        "total_rss_huge": 0,
        "total_shmem": 0,
        "total_mapped_file": 0,
        "total_dirty": 323584,
        "total_writeback": 0,
        "total_swap": 0,
        "total_pgpgin": 23015,
        "total_pgpgout": 998,
        "total_pgfault": 24782,
        "total_pgmajfault": 0,
        "total_inactive_anon": 89853952,
        "total_active_anon": 4096,
        "total_inactive_file": 323584,
        "total_active_file": 0,
        "total_unevictable": 0
      }
    },
    {
      "container_id": "0e8cd706bdb775ada41b053914abb3ab126ae87c860f05ff3c033e50b024b803",
      "container_name": "test2_mixed_mobilenet_resnet_x1_container_1_1766407058832",
      "app_name": "resnet",
      "start_time": 1766407059.343,
      "start_duration_ms": 457.3683738708496,
      "init_ms": 510.8211040496826,
      "import_ms": 4125.0,
      "load_ms": 293.0,
      "warmup_ms": 57.0,
      "pid": 2711074,
      "pss_mb": 151.87109375,
      "p95_latency_ms": 28.32,
      "p99_latency_ms": 131.88,
      "avg_latency_ms": 20.2915,
      "min_latency_ms": 16.72,
      "max_latency_ms": 131.88,
      "all_latencies_ms": [
        18.31,
        18.17,
        17.58,
        17.77,
        17.82,
        18.09,
        17.96,
        18.46,
        19.3,
        18.13,
        17.65,
        18.19,
        17.87,
        19.29,
        17.78,
        20.87,
        18.36,
        28.32,
        24.16,
        21.52,
        17.86,
        18.35,
        17.52,
        17.79,
        17.92,
        22.88,
        22.64,
        17.92,
        18.58,
        17.77,
        17.88,
        18.47,
        20.5,
        18.17,
        18.69,
        17.73,
        17.9,
        17.87,
        17.78,
        17.83,
        17.96,
        18.24,
        18.82,
        18.79,
        18.08,
        17.92,
        17.77,
        49.32,
        41.77,
        131.88,
        17.66,
        17.9,
        18.52,
        17.2,
        17.67,
        17.08,
        17.24,
        17.79,
        20.53,
        18.08,
        17.43,
        17.74,
        18.23,
        17.15,
        17.2,
        16.78,
        17.19,
        17.59,
        17.29,
        17.58,
        18.88,
        17.06,
        18.66,
        21.78,
        18.61,
        30.74,
        23.75,
        19.19,
        20.47,
        18.02,
        17.25,
        17.51,
        17.08,
        17.43,
        24.61,
        21.94,
        17.17,
        16.97,
        17.0,
        17.36,
        16.98,
        16.85,
        17.1,
        18.87,
        19.89,
        16.72,
        17.28,
        16.88,
        16.74,
        18.31
      ],
      "memory_stat": {
        "cache": 323584,
        "rss": 89976832,
        "rss_huge": 0,
        "shmem": 0,
        "mapped_file": 0,
        "dirty": 323584,
        "writeback": 0,
        "swap": 0,
        "pgpgin": 23039,
        "pgpgout": 993,
        "pgfault": 24812,
        "pgmajfault": 0,
        "inactive_anon": 89931776,
        "active_anon": 4096,
        "inactive_file": 323584,
        "active_file": 0,
        "unevictable": 0,
        "hierarchical_memory_limit": 9223372036854771712,
        "hierarchical_memsw_limit": 9223372036854771712,
        "total_cache": 323584,
        "total_rss": 89976832,
        "total_rss_huge": 0,
        "total_shmem": 0,
        "total_mapped_file": 0,
        "total_dirty": 323584,
        "total_writeback": 0,
        "total_swap": 0,
        "total_pgpgin": 23039,
        "total_pgpgout": 993,
        "total_pgfault": 24812,
        "total_pgmajfault": 0,
        "total_inactive_anon": 89931776,
        "total_active_anon": 4096,
        "total_inactive_file": 323584,
        "total_active_file": 0,
        "total_unevictable": 0
      }
    }
  ]
}