{
  "test_name": "test2_mixed_mobilenet_resnet_x3",
  "num_instances": 6,
  "app_config": [
    "mobilenet",
    "resnet",
    "mobilenet",
    "resnet",
    "mobilenet",
    "resnet"
  ],
  "timestamp": 1766407243.4485986,
  "memory_full": false,
  "containers": [
    {
      "container_id": "7565808817c543c93be1b4bd4b84019669782bdb22b4e37774ff98de52f90086",
      "container_name": "test2_mixed_mobilenet_resnet_x3_container_0_1766407192054",
      "app_name": "mobilenet",
      "start_time": 1766407192.534,
      "start_duration_ms": 435.5134963989258,
      "init_ms": 479.52771186828613,
      "import_ms": 4056.0,
      "load_ms": 277.0,
      "warmup_ms": 51.0,
      "pid": 2716563,
      "pss_mb": 153.23828125,
      "p95_latency_ms": 40.7,
      "p99_latency_ms": 127.13,
      "avg_latency_ms": 30.1247,
      "min_latency_ms": 24.21,
      "max_latency_ms": 127.13,
      "all_latencies_ms": [
        25.43,
        24.21,
        29.54,
        26.84,
        25.23,
        24.55,
        24.63,
        51.03,
        27.19,
        27.39,
        26.84,
        27.81,
        30.31,
        29.61,
        28.93,
        38.77,
        32.58,
        28.63,
        25.86,
        26.37,
        24.32,
        33.8,
        37.56,
        55.93,
        127.13,
        26.75,
        38.81,
        40.7,
        28.82,
        26.58,
        30.11,
        25.89,
        26.06,
        29.53,
        26.78,
        34.99,
        33.48,
        29.82,
        26.57,
        26.56,
        25.99,
        29.2,
        33.12,
        25.47,
        28.85,
        25.49,
        27.8,
        25.65,
        25.87,
        26.54,
        26.27,
        25.42,
        25.73,
        29.52,
        26.09,
        30.45,
        28.07,
        31.73,
        31.63,
        27.42,
        53.51,
        34.02,
        26.28,
        26.68,
        28.15,
        25.73,
        28.16,
        25.74,
        29.25,
        26.02,
        27.88,
        25.44,
        25.2,
        31.5,
        29.8,
        29.7,
        25.04,
        27.28,
        26.59,
        37.59,
        32.9,
        30.32,
        26.2,
        29.93,
        29.54,
        35.15,
        26.78,
        26.18,
        25.17,
        26.27,
        25.04,
        26.09,
        26.44,
        28.93,
        26.23,
        26.24,
        29.27,
        26.08,
        26.6,
        25.3
      ],
      "memory_stat": {
        "cache": 323584,
        "rss": 89837568,
        "rss_huge": 0,
        "shmem": 0,
        "mapped_file": 0,
        "dirty": 323584,
        "writeback": 0,
        "swap": 0,
        "pgpgin": 23006,
        "pgpgout": 994,
        "pgfault": 24796,
        "pgmajfault": 0,
        "inactive_anon": 89788416,
        "active_anon": 4096,
        "inactive_file": 323584,
        "active_file": 0,
        "unevictable": 0,
        "hierarchical_memory_limit": 9223372036854771712,
        "hierarchical_memsw_limit": 9223372036854771712,
        "total_cache": 323584,
        "total_rss": 89837568,
        "total_rss_huge": 0,
        "total_shmem": 0,
        "total_mapped_file": 0,
        "total_dirty": 323584,
        "total_writeback": 0,
        "total_swap": 0,
        "total_pgpgin": 23006,
        "total_pgpgout": 994,
        "total_pgfault": 24796,
        "total_pgmajfault": 0,
        "total_inactive_anon": 89788416,
        "total_active_anon": 4096,
        "total_inactive_file": 323584,
        "total_active_file": 0,
        "total_unevictable": 0
      }
    },
    {
      "container_id": "b751e34cfd348175c14eca06f2d335a71f3cf002ba6f31a7478b04f60d08c409",
      "container_name": "test2_mixed_mobilenet_resnet_x3_container_1_1766407201009",
      "app_name": "resnet",
      "start_time": 1766407201.492,
      "start_duration_ms": 435.4720115661621,
      "init_ms": 482.07807540893555,
      "import_ms": 4148.0,
      "load_ms": 293.0,
      "warmup_ms": 55.0,
      "pid": 2716912,
      "pss_mb": 150.640625,
      "p95_latency_ms": 26.59,
      "p99_latency_ms": 133.25,
      "avg_latency_ms": 20.0458,
      "min_latency_ms": 16.63,
      "max_latency_ms": 133.25,
      "all_latencies_ms": [
        19.19,
        17.39,
        17.1,
        17.41,
        17.14,
        18.37,
        21.27,
        20.14,
        17.06,
        16.99,
        17.15,
        17.5,
        18.7,
        17.58,
        17.73,
        16.82,
        27.85,
        21.4,
        19.58,
        19.09,
        16.87,
        17.95,
        18.16,
        16.9,
        16.77,
        17.52,
        20.14,
        17.54,
        24.52,
        20.33,
        18.0,
        18.16,
        17.43,
        19.28,
        18.05,
        16.78,
        17.0,
        16.9,
        16.85,
        17.3,
        16.85,
        18.44,
        17.92,
        17.97,
        16.73,
        16.9,
        16.77,
        16.92,
        16.75,
        16.81,
        16.88,
        17.32,
        21.77,
        25.09,
        17.08,
        16.86,
        16.99,
        26.59,
        21.91,
        19.16,
        61.89,
        18.91,
        16.86,
        17.01,
        17.83,
        17.38,
        16.76,
        16.89,
        18.94,
        24.0,
        16.87,
        16.99,
        16.63,
        16.91,
        18.35,
        17.03,
        16.83,
        16.88,
        17.76,
        17.34,
        46.92,
        20.23,
        17.23,
        17.57,
        17.18,
        133.25,
        19.14,
        17.53,
        17.43,
        17.14,
        16.84,
        16.85,
        17.19,
        16.94,
        16.84,
        17.44,
        17.38,
        18.63,
        18.2,
        16.97
      ],
      "memory_stat": {
        "cache": 323584,
        "rss": 89079808,
        "rss_huge": 0,
        "shmem": 0,
        "mapped_file": 0,
        "dirty": 323584,
        "writeback": 0,
        "swap": 0,
        "pgpgin": 22758,
        "pgpgout": 931,
        "pgfault": 24504,
        "pgmajfault": 0,
        "inactive_anon": 89067520,
        "active_anon": 4096,
        "inactive_file": 323584,
        "active_file": 0,
        "unevictable": 0,
        "hierarchical_memory_limit": 9223372036854771712,
        "hierarchical_memsw_limit": 9223372036854771712,
        "total_cache": 323584,
        "total_rss": 89079808,
        "total_rss_huge": 0,
        "total_shmem": 0,
        "total_mapped_file": 0,
        "total_dirty": 323584,
        "total_writeback": 0,
        "total_swap": 0,
        "total_pgpgin": 22758,
        "total_pgpgout": 931,
        "total_pgfault": 24504,
        "total_pgmajfault": 0,
        "total_inactive_anon": 89067520,
        "total_active_anon": 4096,
        "total_inactive_file": 323584,
        "total_active_file": 0,
        "total_unevictable": 0
      }
    },
    {
      "container_id": "6d5d8f5ce856b106aa57c1b7e719d3aeb15f47124f8cc5e264f8bd1f8e0c770f",
      "container_name": "test2_mixed_mobilenet_resnet_x3_container_2_1766407209082",
      "app_name": "mobilenet",
      "start_time": 1766407209.541,
      "start_duration_ms": 410.8712673187256,
      "init_ms": 458.30440521240234,
      "import_ms": 4058.0,
      "load_ms": 259.0,
      "warmup_ms": 52.0,
      "pid": 2717249,
      "pss_mb": 152.0234375,
      "p95_latency_ms": 37.41,
      "p99_latency_ms": 110.47,
      "avg_latency_ms": 28.7653,
      "min_latency_ms": 24.31,
      "max_latency_ms": 110.47,