{
  "test_name": "test1_mobilenet_n4",
  "num_instances": 4,
  "app_config": [
    "mobilenet",
    "mobilenet",
    "mobilenet",
    "mobilenet"
  ],
  "timestamp": 1766405873.2884462,
  "memory_full": false,
  "containers": [
    {
      "container_id": "42dfb9492bdf32eecc54c2a43bf94009eade543f47352de5342bb1ad71fc9a6b",
      "container_name": "test1_mobilenet_n4_container_0_1766405836949",
      "app_name": "mobilenet",
      "start_time": 1766405837.422,
      "start_duration_ms": 425.69661140441895,
      "init_ms": 472.46599197387695,
      "import_ms": 4119.0,
      "load_ms": 245.0,
      "warmup_ms": 53.0,
      "pid": 2661611,
      "pss_mb": 153.01171875,
      "p95_latency_ms": 50.65,
      "p99_latency_ms": 108.45,
      "avg_latency_ms": 32.3955,
      "min_latency_ms": 25.28,
      "max_latency_ms": 108.45,
      "all_latencies_ms": [
        26.12,
        26.79,
        28.6,
        26.44,
        26.69,
        27.74,
        28.9,
        26.79,
        30.22,
        32.68,
        29.21,
        28.85,
        37.48,
        34.03,
        28.39,
        30.76,
        26.73,
        30.43,
        30.38,
        35.51,
        26.1,
        28.31,
        28.58,
        28.7,
        27.74,
        26.22,
        28.29,
        27.29,
        29.24,
        28.34,
        42.93,
        35.25,
        41.52,
        28.32,
        25.7,
        99.75,
        59.18,
        50.65,
        108.45,
        28.27,
        28.74,
        28.22,
        27.96,
        30.13,
        29.02,
        28.5,
        28.84,
        28.76,
        39.44,
        39.09,
        32.85,
        39.27,
        27.97,
        40.59,
        28.63,
        28.09,
        29.34,
        63.85,
        28.05,
        25.6,
        25.85,
        30.39,
        32.03,
        28.35,
        36.03,
        26.5,
        27.19,
        30.58,
        27.67,
        37.9,
        36.27,
        31.08,
        27.64,
        28.56,
        30.0,
        27.74,
        27.94,
        36.11,
        28.51,
        30.13,
        26.35,
        28.03,
        27.54,
        27.06,
        27.12,
        27.41,
        28.23,
        25.77,
        28.1,
        26.95,
        29.4,
        50.08,
        27.1,
        27.84,
        25.86,
        45.28,
        31.91,
        27.88,
        25.38,
        25.28
      ],
      "memory_stat": {
        "cache": 323584,
        "rss": 89964544,
        "rss_huge": 0,
        "shmem": 0,
        "mapped_file": 0,
        "dirty": 323584,
        "writeback": 0,
        "swap": 0,
        "pgpgin": 23044,
        "pgpgout": 1001,
        "pgfault": 24834,
        "pgmajfault": 0,
        "inactive_anon": 89911296,
        "active_anon": 4096,
        "inactive_file": 323584,
        "active_file": 0,
        "unevictable": 0,
        "hierarchical_memory_limit": 9223372036854771712,
        "hierarchical_memsw_limit": 9223372036854771712,
        "total_cache": 323584,
        "total_rss": 89964544,
        "total_rss_huge": 0,
        "total_shmem": 0,
        "total_mapped_file": 0,
        "total_dirty": 323584,
        "total_writeback": 0,
        "total_swap": 0,
        "total_pgpgin": 23044,
        "total_pgpgout": 1001,
        "total_pgfault": 24834,
        "total_pgmajfault": 0,
        "total_inactive_anon": 89911296,
        "total_active_anon": 4096,
        "total_inactive_file": 323584,
        "total_active_file": 0,
        "total_unevictable": 0
      }
    },
    {
      "container_id": "12f5ff8d7635f28fd7005605b7c2f63f3efe5aa6f35a8b701ece46f7a672b2e4",
      "container_name": "test1_mobilenet_n4_container_1_1766405846258",
      "app_name": "mobilenet",
      "start_time": 1766405846.736,
      "start_duration_ms": 422.14202880859375,
      "init_ms": 477.6597023010254,
      "import_ms": 4161.0,
      "load_ms": 249.0,
      "warmup_ms": 52.0,
      "pid": 2661987,
      "pss_mb": 150.87890625,
      "p95_latency_ms": 68.14,
      "p99_latency_ms": 121.62,
      "avg_latency_ms": 31.7073,
      "min_latency_ms": 23.66,
      "max_latency_ms": 121.62,
      "all_latencies_ms": [
        29.17,
        25.96,
        25.14,
        25.76,
        26.48,
        26.25,
        26.64,
        26.38,
        30.27,
        27.33,
        26.69,
        26.14,
        36.51,
        32.59,
        27.94,
        26.6,
        26.49,
        30.67,
        25.95,
        33.92,
        27.48,
        26.53,
        24.76,
        28.09,
        25.93,
        25.4,
        24.51,
        26.35,
        26.48,
        27.51,
        25.8,
        25.25,
        26.36,
        27.56,
        39.98,
        27.12,
        23.66,
        28.12,
        106.22,
        25.32,
        27.21,
        28.01,
        31.87,
        28.23,
        25.44,
        26.42,
        108.81,
        25.39,
        26.62,
        33.31,
        25.6,
        26.46,
        35.39,
        68.14,
        111.94,
        26.13,
        26.58,
        26.16,
        26.0,
        26.21,
        25.7,
        26.2,
        26.36,
        26.9,
        27.94,
        27.2,
        25.62,
        26.84,
        121.62,
        31.56,
        29.16,
        25.88,
        27.48,
        24.03,
        30.68,
        48.42,
        26.27,
        28.0,
        25.22,
        24.8,
        26.42,
        25.06,
        25.47,
        31.11,
        27.39,
        27.17,
        30.03,
        28.92,
        27.46,
        32.93,
        25.15,
        26.83,
        36.05,
        32.28,
        28.8,
        26.63,
        29.88,
        28.42,
        32.93,
        24.69
      ],
      "memory_stat": {
        "cache": 344064,
        "rss": 88137728,
        "rss_huge": 0,
        "shmem": 0,
        "mapped_file": 0,
        "dirty": 286720,
        "writeback": 0,
        "swap": 0,
        "pgpgin": 22516,
        "pgpgout": 914,
        "pgfault": 24281,
        "pgmajfault": 0,
        "inactive_anon": 88133632,
        "active_anon": 4096,
        "inactive_file": 315392,
        "active_file": 20480,
        "unevictable": 0,
        "hierarchical_memory_limit": 9223372036854771712,
        "hierarchical_memsw_limit": 9223372036854771712,
        "total_cache": 344064,
        "total_rss": 88137728,
        "total_rss_huge": 0,
        "total_shmem": 0,
        "total_mapped_file": 0,
        "total_dirty": 286720,
        "total_writeback": 0,
        "total_swap": 0,
        "total_pgpgin": 22516,
        "total_pgpgout": 914,
        "total_pgfault": 24281,
        "total_pgmajfault": 0,
        "total_inactive_anon": 88133632,
        "total_active_anon": 4096,
        "total_inactive_file": 315392,
        "total_active_file": 20480,
        "total_unevictable": 0
      }
    },
    {
      "container_id": "8adf75d8ade6767850c402eb7ec5e1fe5df9a1cc6ba55c21c7b22af9e566ea06",
      "container_name": "test1_mobilenet_n4_container_2_1766405855496",
      "app_name": "mobilenet",
      "start_time": 1766405855.996,
      "start_duration_ms": 454.59723472595215,
      "init_ms": 499.9582767486572,
      "import_ms": 4075.9999999999995,
      "load_ms": 244.0,
      "warmup_ms": 51.0,
      "pid": 2662344,
      "pss_mb": 152.45703125,
      "p95_latency_ms": 43.05,
      "p99_latency_ms": 156.61,
      "avg_latency_ms": 29.2656,
      "min_latency_ms": 23.92,
      "max_latency_ms": 156.61,